Rk,Player,Pos,Age,Tm,G,GS,MP,FG,FGA,FG%,3P,3PA,3P%,2P,2PA,2P%,eFG%,FT,FTA,FT%,ORB,DRB,TRB,AST,STL,BLK,TOV,PF,PTS,Season,isMVP
1,Quincy Acy,PF,22,TOR,29,0,11.8,1.4,2.6,0.56,0,0.1,0.5,1.4,2.5,0.562,0.567,1.1,1.3,0.816,1,1.6,2.7,0.4,0.4,0.5,0.6,1.8,4,2012-2013,0
2,Jeff Adrien,PF,26,CHA,52,5,13.7,1.4,3.2,0.429,0,0,0,1.4,3.2,0.434,0.429,1.3,1.9,0.65,1.3,2.5,3.8,0.7,0.3,0.5,0.6,1.5,4,2012-2013,0
3,Arron Afflalo,SF,27,ORL,64,64,36,6.2,14.1,0.439,1.1,3.8,0.3,5.1,10.4,0.489,0.478,3,3.5,0.857,0.5,3.3,3.7,3.2,0.6,0.2,2.2,2.1,16.5,2012-2013,0
4,Josh Akognon,PG,26,DAL,3,0,3,0.7,1.3,0.5,0.3,0.7,0.5,0.3,0.7,0.5,0.625,0,0,,0,0.3,0.3,0.3,0,0,0,1,1.7,2012-2013,0
5,Cole Aldrich,C,24,TOT,45,0,8.6,1,1.8,0.55,0,0,,1,1.8,0.55,0.55,0.3,0.4,0.6,0.7,2,2.7,0.2,0.1,0.5,0.5,1.3,2.2,2012-2013,0
6,LaMarcus Aldridge,PF,27,POR,74,74,37.7,8.6,17.8,0.484,0,0.2,0.143,8.6,17.6,0.488,0.485,3.8,4.7,0.81,2.4,6.7,9.1,2.6,0.8,1.2,1.9,2.5,21.1,2012-2013,0
7,Lavoy Allen,C,23,PHI,79,37,21.1,2.6,5.7,0.454,0,0,0,2.6,5.7,0.455,0.454,0.5,0.8,0.717,2,3,5,0.9,0.3,0.7,0.7,2.3,5.8,2012-2013,0
8,Ray Allen*,SG,37,MIA,79,0,25.8,3.7,8.2,0.449,1.8,4.2,0.419,1.9,4,0.48,0.555,1.8,2,0.886,0.5,2.2,2.7,1.7,0.8,0.2,1.3,1.6,10.9,2012-2013,0
9,Tony Allen,SG,31,MEM,79,79,26.7,3.6,8.1,0.445,0,0.3,0.125,3.6,7.8,0.458,0.447,1.7,2.4,0.717,1.5,3.1,4.6,1.2,1.5,0.6,1.2,2.7,8.9,2012-2013,0
10,Al-Farouq Aminu,SF,22,NOH,76,71,27.2,3,6.2,0.475,0.1,0.3,0.211,2.9,6,0.486,0.479,1.3,1.8,0.737,1.8,5.9,7.7,1.4,1.2,0.7,1.5,2,7.3,2012-2013,0
11,Lou Amundson,PF,30,TOT,39,0,9.5,0.8,2.1,0.395,0,0,,0.8,2.1,0.395,0.395,0.3,0.9,0.333,1.2,1.5,2.7,0.3,0.4,0.3,0.5,1.4,1.9,2012-2013,0
12,Chris Andersen,C,34,MIA,42,0,14.9,1.7,2.9,0.577,0,0.1,0.667,1.6,2.9,0.575,0.585,1.5,2.2,0.677,1.4,2.7,4.1,0.4,0.4,1,0.6,2.1,4.9,2012-2013,0
13,Alan Anderson,SF,30,TOR,65,2,23,3.6,9.5,0.383,1.5,4.4,0.333,2.2,5.1,0.426,0.46,1.9,2.3,0.857,0.5,1.8,2.3,1.6,0.7,0.1,1.2,2,10.7,2012-2013,0
14,James Anderson,SG-SF,23,TOT,39,2,10.3,1.3,3.2,0.413,0.5,1.5,0.35,0.8,1.7,0.47,0.496,0.6,0.7,0.857,0.5,1.4,1.8,1.1,0.4,0.1,0.6,0.6,3.8,2012-2013,0
15,Ryan Anderson,PF,24,NOH,81,22,30.9,5.8,13.8,0.423,2.6,6.9,0.382,3.2,6.9,0.464,0.519,1.9,2.2,0.844,2.4,4,6.4,1.2,0.5,0.4,1.2,2.2,16.2,2012-2013,0
16,Carmelo Anthony,PF,28,NYK,67,67,37,10,22.2,0.449,2.3,6.2,0.379,7.6,16,0.476,0.502,6.3,7.6,0.83,2,4.9,6.9,2.6,0.8,0.5,2.6,3.1,28.7,2012-2013,0
17,Joel Anthony,C,30,MIA,62,3,9.1,0.6,1.1,0.515,0,0,,0.6,1.1,0.515,0.515,0.3,0.5,0.607,0.7,1.1,1.9,0.2,0.2,0.7,0.4,0.8,1.4,2012-2013,0
18,Trevor Ariza,SF,27,WAS,56,15,26.3,3.4,8.1,0.417,1.4,3.7,0.364,2,4.3,0.463,0.501,1.4,1.7,0.821,0.8,4,4.8,2,1.3,0.4,1.5,1.3,9.5,2012-2013,0
19,Darrell Arthur,PF,24,MEM,59,3,16.4,2.7,6.1,0.451,0.1,0.3,0.278,2.7,5.8,0.46,0.458,0.6,0.8,0.717,1.2,1.7,2.9,0.6,0.4,0.6,0.7,2.1,6.1,2012-2013,0
20,Ömer Aşık,C,26,HOU,82,82,30,4,7.5,0.541,0,0,0,4,7.5,0.542,0.541,2,3.6,0.562,3.4,8.3,11.7,0.9,0.6,1.1,2.1,2.7,10.1,2012-2013,0
21,D.J. Augustin,PG,25,IND,76,5,16.1,1.4,3.9,0.35,0.9,2.5,0.353,0.5,1.4,0.346,0.464,1.1,1.3,0.838,0.3,0.9,1.2,2.2,0.4,0,0.9,0.8,4.7,2012-2013,0
22,Gustavo Ayón,C,27,TOT,55,3,13.3,1.7,3,0.551,0,0,,1.7,3,0.551,0.551,0.4,0.9,0.4,1.1,2.5,3.6,1.3,0.4,0.3,0.9,1.9,3.7,2012-2013,0
23,Jeff Ayres,PF,25,IND,37,0,10,1.6,3.4,0.484,0.1,0.1,0.5,1.6,3.3,0.484,0.492,0.6,0.6,0.913,0.8,2,2.8,0.4,0.2,0.3,0.6,1.2,3.9,2012-2013,0
24,Luke Babbitt,PF,23,POR,62,0,11.8,1.4,3.8,0.368,1,2.9,0.348,0.4,0.9,0.429,0.5,0.2,0.2,0.769,0.2,2,2.2,0.5,0.2,0.1,0.4,1.3,3.9,2012-2013,0
25,Leandro Barbosa,PG,30,BOS,41,2,12.5,2,4.7,0.43,0.4,1.1,0.383,1.6,3.6,0.445,0.477,0.8,1,0.756,0.2,0.9,1.1,1.4,0.4,0.1,0.5,1.2,5.2,2012-2013,0
26,J.J. Barea,PG,28,MIN,74,2,23.1,4.3,10.2,0.417,1.3,3.8,0.346,3,6.5,0.458,0.481,1.4,1.8,0.784,0.5,2.3,2.8,4,0.4,0,2,1.8,11.3,2012-2013,0
27,Andrea Bargnani,PF,27,TOR,35,25,28.7,4.9,12.2,0.399,1.1,3.5,0.309,3.8,8.7,0.436,0.444,1.9,2.2,0.844,0.7,2.9,3.7,1.1,0.6,0.7,1.5,1.8,12.7,2012-2013,0
28,Harrison Barnes,SF,20,GSW,81,81,25.4,3.4,7.8,0.439,0.6,1.8,0.359,2.8,6,0.464,0.481,1.8,2.3,0.758,0.7,3.5,4.1,1.2,0.6,0.2,1.2,1.7,9.2,2012-2013,0
29,Matt Barnes,SF,32,LAC,80,4,25.7,3.9,8.4,0.462,1.4,4.1,0.342,2.5,4.4,0.574,0.544,1.1,1.5,0.744,1.4,3.2,4.6,1.5,1,0.8,1.1,2.9,10.3,2012-2013,0
30,Earl Barron,C,31,TOT,12,2,13.3,1.5,4.3,0.353,0,0,,1.5,4.3,0.353,0.353,0.3,0.6,0.429,1.8,3.3,5.1,0.4,0.4,0.5,0.9,2,3.3,2012-2013,0
31,Will Barton,SG,22,POR,73,5,12.2,1.6,4.2,0.382,0.1,0.9,0.138,1.5,3.3,0.447,0.396,0.7,0.9,0.769,0.5,1.5,2,0.8,0.5,0.1,0.8,0.8,4,2012-2013,0
32,Brandon Bass,PF,27,BOS,81,69,27.6,3.5,7.3,0.486,0,0,0,3.5,7.2,0.487,0.486,1.6,1.9,0.86,1.6,3.7,5.2,1,0.5,0.8,1,2.3,8.7,2012-2013,0
33,Shane Battier,SF,34,MIA,72,20,24.8,2.1,5,0.42,1.9,4.4,0.43,0.2,0.6,0.348,0.608,0.4,0.5,0.842,0.5,1.8,2.3,1,0.6,0.8,0.5,2.1,6.6,2012-2013,0
34,Nicolas Batum,SF,24,POR,73,73,38.5,4.8,11.4,0.423,2.3,6.1,0.372,2.6,5.3,0.481,0.522,2.4,2.9,0.848,1.3,4.3,5.6,4.9,1.2,1.1,2.6,1.9,14.3,2012-2013,0
35,Jerryd Bayless,PG,24,MEM,80,4,22.1,3.3,7.8,0.419,0.9,2.5,0.353,2.4,5.3,0.45,0.476,1.3,1.5,0.836,0.3,1.9,2.2,3.3,0.7,0.2,1.5,2.1,8.7,2012-2013,0
36,Aron Baynes,C,26,SAS,16,0,8.8,1.1,2.3,0.5,0,0.1,0,1.1,2.2,0.514,0.5,0.4,0.8,0.583,0.8,1.3,2,0.3,0.1,0.4,0.7,1.4,2.7,2012-2013,0
37,Kent Bazemore,SG,23,GSW,61,0,4.4,0.7,1.9,0.371,0.2,0.6,0.294,0.5,1.3,0.402,0.414,0.4,0.7,0.614,0.1,0.3,0.4,0.4,0.3,0.1,0.3,0.4,2,2012-2013,0
38,Bradley Beal,SG,19,WAS,56,46,31.2,5,12.3,0.41,1.6,4.2,0.386,3.4,8.1,0.424,0.477,2.2,2.8,0.786,0.8,3,3.8,2.4,0.9,0.5,1.6,2,13.9,2012-2013,0
39,Michael Beasley,SF,24,PHO,75,20,20.7,4.1,10.2,0.405,0.6,1.9,0.313,3.5,8.3,0.426,0.434,1.3,1.7,0.746,0.7,3.1,3.8,1.5,0.4,0.5,1.9,1.4,10.1,2012-2013,0
40,Rodrigue Beaubois,PG,24,DAL,45,0,12.2,1.4,3.9,0.369,0.5,1.6,0.292,1,2.3,0.423,0.429,0.7,0.8,0.789,0.2,1.1,1.3,1.9,0.4,0.1,0.7,1.2,4,2012-2013,0
41,Marco Belinelli,SG,26,CHI,73,27,25.8,3.3,8.4,0.395,1.1,3,0.357,2.2,5.3,0.416,0.46,1.9,2.3,0.839,0.2,1.7,1.9,2,0.6,0.1,1.1,1.9,9.6,2012-2013,0
42,Patrick Beverley,PG,24,HOU,41,0,17.4,1.9,4.6,0.418,0.9,2.3,0.375,1,2.3,0.462,0.513,0.8,1,0.829,1.1,1.6,2.7,2.9,0.9,0.5,1.1,2,5.6,2012-2013,0
43,Andris Biedriņš,C,26,GSW,53,9,9.3,0.2,0.4,0.476,0,0,,0.2,0.4,0.476,0.476,0.1,0.2,0.308,0.6,2.2,2.9,0.3,0.3,0.8,0.3,1.9,0.5,2012-2013,0
44,Chauncey Billups,SG,36,LAC,22,22,19,2.4,6,0.402,1.5,4.1,0.367,0.9,1.9,0.476,0.527,2,2.2,0.938,0.1,1.4,1.5,2.2,0.5,0,1.2,1.1,8.4,2012-2013,0
45,Bismack Biyombo,C,20,CHA,80,65,27.3,2,4.3,0.451,0,0,,2,4.3,0.451,0.451,0.9,1.8,0.521,2.4,4.9,7.3,0.4,0.4,1.8,1,2.4,4.8,2012-2013,0
46,DeJuan Blair,PF,23,SAS,61,16,14,2.3,4.4,0.524,0,0,0,2.3,4.4,0.526,0.524,0.7,1.1,0.629,1.1,2.7,3.8,0.7,0.6,0.2,0.8,1.8,5.4,2012-2013,0
47,Steve Blake,PG,32,LAL,45,13,26.1,2.5,6,0.422,1.6,3.8,0.421,0.9,2.2,0.424,0.556,0.6,0.8,0.771,0.5,2.5,2.9,3.8,0.8,0.1,1.4,1.8,7.3,2012-2013,0
48,Andray Blatche,C,26,BRK,82,8,19,4.2,8.2,0.512,0,0.3,0.136,4.2,8,0.524,0.514,1.8,2.6,0.685,2,3.1,5.1,1,1,0.7,1.5,2,10.3,2012-2013,0
49,Eric Bledsoe,PG,23,LAC,76,12,20.4,3.3,7.5,0.445,0.4,1,0.397,2.9,6.4,0.453,0.473,1.4,1.8,0.791,1,1.9,3,3.1,1.4,0.7,1.8,1.5,8.5,2012-2013,0
50,Keith Bogans,SG,32,BRK,74,23,19,1.5,3.8,0.38,1.1,3.3,0.343,0.3,0.5,0.615,0.528,0.1,0.2,0.647,0.2,1.4,1.6,1,0.4,0.1,0.7,1.5,4.2,2012-2013,0
51,Andrew Bogut,C,28,GSW,32,32,24.6,2.6,5.8,0.451,0,0,1,2.6,5.7,0.448,0.454,0.6,1.2,0.5,2.1,5.5,7.7,2.1,0.6,1.7,1.1,2.7,5.8,2012-2013,0
52,Matt Bonner,PF,32,SAS,68,4,13.4,1.6,3.4,0.487,0.8,1.8,0.442,0.9,1.6,0.536,0.602,0.2,0.2,0.733,0.4,1.5,1.9,0.5,0.3,0.3,0.2,1.3,4.2,2012-2013,0
53,Trevor Booker,PF,25,WAS,48,14,18.5,2.3,4.6,0.491,0,0.1,0,2.3,4.5,0.502,0.491,0.8,1.5,0.556,2,2.9,5,0.8,0.7,0.3,0.6,2,5.3,2012-2013,0
54,Carlos Boozer,PF,31,CHI,79,79,32.2,6.9,14.4,0.477,0,0,0,6.9,14.4,0.478,0.477,2.4,3.3,0.731,2.2,7.5,9.8,2.3,0.8,0.4,2.2,3,16.2,2012-2013,0
55,Chris Bosh*,C,28,MIA,74,74,33.2,6.6,12.3,0.535,0.3,1,0.284,6.3,11.3,0.557,0.546,3.3,4.1,0.798,1.8,5,6.8,1.7,0.9,1.4,1.7,2.3,16.6,2012-2013,0
56,Avery Bradley,PG,22,BOS,50,50,28.7,3.8,9.6,0.402,0.8,2.5,0.317,3,7,0.432,0.444,0.7,1,0.755,0.6,1.6,2.2,2.1,1.3,0.4,1.4,2.6,9.2,2012-2013,0
57,Elton Brand,C,33,DAL,72,18,21.2,3.1,6.6,0.473,0,0,0,3.1,6.6,0.474,0.473,0.9,1.3,0.71,1.8,4.2,6,1,0.7,1.3,0.8,2.7,7.2,2012-2013,0
58,Corey Brewer,SF,26,DEN,82,2,24.4,4.6,10.8,0.425,1.1,3.7,0.296,3.5,7,0.493,0.476,1.8,2.6,0.69,0.7,2.2,2.9,1.5,1.4,0.3,1.2,1.9,12.1,2012-2013,0
59,Ronnie Brewer,SF,27,TOT,60,34,14.2,1.2,3.3,0.354,0.4,1.3,0.303,0.8,2,0.385,0.412,0.3,0.7,0.41,0.7,1.6,2.3,0.8,0.7,0.1,0.3,0.6,3,2012-2013,0
60,Aaron Brooks,PG,28,TOT,53,20,18.8,2.7,6,0.453,0.9,2.5,0.373,1.8,3.4,0.511,0.532,0.8,1,0.769,0.2,1.3,1.5,2.2,0.6,0.2,1.3,1.8,7.1,2012-2013,0
61,MarShon Brooks,SG,24,BRK,73,2,12.5,2.1,4.6,0.463,0.2,0.8,0.273,1.9,3.8,0.5,0.485,0.9,1.3,0.734,0.4,1,1.4,1,0.5,0.2,0.9,1.3,5.4,2012-2013,0
62,Kwame Brown,C,30,PHI,22,11,12.2,0.8,1.7,0.459,0,0,,0.8,1.7,0.459,0.459,0.3,0.9,0.368,1,2.3,3.4,0.4,0.3,0.5,0.4,1.7,1.9,2012-2013,0
63,Shannon Brown,SG,27,PHO,59,22,23.8,4.1,9.7,0.42,0.7,2.4,0.277,3.4,7.3,0.467,0.454,1.7,2.1,0.784,0.7,1.8,2.5,1.8,1,0.3,1.3,1.6,10.5,2012-2013,0
64,Kobe Bryant*,SG,34,LAL,78,78,38.6,9.5,20.4,0.463,1.7,5.2,0.324,7.8,15.2,0.51,0.504,6.7,8,0.839,0.8,4.7,5.6,6,1.4,0.3,3.7,2.2,27.3,2012-2013,0
65,Chase Budinger,SF,24,MIN,23,1,22.1,3.4,8.3,0.414,1.1,3.5,0.321,2.3,4.8,0.482,0.482,1.4,1.8,0.762,0.7,2.4,3.1,1.1,0.6,0.3,1,1.3,9.4,2012-2013,0
66,Alec Burks,SG,21,UTA,64,0,17.8,2.5,6.1,0.42,0.5,1.4,0.359,2,4.6,0.439,0.463,1.4,2,0.713,0.6,1.7,2.3,1.4,0.5,0.2,1.2,1.8,7,2012-2013,0
67,Caron Butler,SF,32,LAC,78,78,24.1,3.9,9.2,0.424,1.6,4.2,0.388,2.3,5,0.454,0.513,1,1.2,0.833,0.5,2.3,2.9,1,0.7,0.1,0.9,1.8,10.4,2012-2013,0
68,Jimmy Butler,SF,23,CHI,82,20,26,2.9,6.2,0.467,0.5,1.3,0.381,2.4,5,0.489,0.506,2.3,2.8,0.803,1.7,2.3,4,1.4,1,0.4,0.8,1.2,8.6,2012-2013,0
69,Will Bynum,PG,30,DET,65,0,18.8,3.9,8.3,0.469,0.4,1.2,0.316,3.5,7.1,0.494,0.491,1.6,2,0.809,0.4,1.1,1.5,3.6,0.7,0.1,1.9,2,9.8,2012-2013,0
70,José Calderón,PG,31,TOT,73,58,29.6,4.3,8.7,0.491,1.8,3.9,0.461,2.5,4.8,0.516,0.594,1,1.1,0.9,0.3,2.1,2.4,7.1,0.8,0.1,1.7,1.4,11.3,2012-2013,0
71,Marcus Camby,PF,38,NYK,24,4,10.4,0.7,2.2,0.321,0,0,,0.7,2.2,0.321,0.321,0.3,0.8,0.421,1,2.3,3.3,0.6,0.3,0.6,0.6,1.2,1.8,2012-2013,0
72,DeMarre Carroll,SF,26,UTA,66,12,16.8,2.3,4.9,0.46,0.3,1.1,0.286,2,3.8,0.508,0.491,1.1,1.5,0.765,1.3,1.5,2.8,0.9,0.9,0.4,0.5,1.8,6,2012-2013,0
73,Matt Carroll,SG,32,CHA,1,0,6,0,0,,0,0,,0,0,,,0,0,,0,0,0,1,0,0,0,1,0,2012-2013,0
74,Vince Carter,SF,36,DAL,81,3,25.8,4.6,10.6,0.435,2,4.9,0.406,2.6,5.6,0.461,0.53,2.2,2.8,0.816,0.7,3.4,4.1,2.4,0.9,0.5,1.3,2.8,13.4,2012-2013,0
75,Omri Casspi,SF,24,CLE,43,1,11.7,1.5,3.7,0.394,0.6,1.8,0.329,0.9,2,0.452,0.472,0.5,1,0.537,0.5,2.2,2.7,0.7,0.6,0.3,0.5,1,4,2012-2013,0
76,Mario Chalmers,PG,26,MIA,77,77,26.9,2.9,6.9,0.429,1.6,3.9,0.409,1.4,3,0.456,0.545,1.2,1.5,0.795,0.2,2,2.2,3.5,1.5,0.2,1.5,2.5,8.6,2012-2013,0
77,Tyson Chandler,C,30,NYK,66,66,32.8,3.9,6.1,0.638,0,0,,3.9,6.1,0.638,0.638,2.7,3.9,0.694,4.1,6.6,10.7,0.9,0.6,1.1,1.3,2.8,10.4,2012-2013,0
78,Wilson Chandler,PF,25,DEN,43,8,25.1,4.9,10.6,0.462,1.2,2.9,0.413,3.7,7.7,0.48,0.519,2,2.6,0.793,1,4,5.1,1.3,1,0.3,1.4,2.8,13,2012-2013,0
79,Josh Childress,SF,29,BRK,14,0,7.1,0.4,1.5,0.286,0.1,0.2,0.333,0.4,1.3,0.278,0.31,0.1,0.1,0.5,0.4,0.6,1.1,0.4,0.1,0.1,0,0.2,1,2012-2013,0
80,Earl Clark,PF,25,LAL,59,36,23.1,2.9,6.5,0.44,0.6,1.8,0.337,2.3,4.8,0.479,0.486,0.9,1.3,0.697,1.4,4.1,5.5,1.1,0.6,0.7,1.1,1.7,7.3,2012-2013,0
81,Victor Claver,SF,24,POR,49,16,16.6,1.5,3.9,0.392,0.5,1.8,0.287,1,2.1,0.48,0.458,0.3,0.6,0.467,0.6,1.8,2.4,0.9,0.5,0.2,0.9,1.5,3.8,2012-2013,0
82,Norris Cole,PG,24,MIA,80,4,19.9,2.2,5.3,0.421,0.4,1.2,0.357,1.8,4.1,0.44,0.462,0.7,1,0.65,0.2,1.4,1.6,2.1,0.7,0.1,1.3,1.9,5.6,2012-2013,0
83,Jason Collins,C,34,TOT,38,9,10.1,0.2,0.8,0.31,0,0,,0.2,0.8,0.31,0.31,0.6,0.8,0.719,0.6,1,1.6,0.2,0.3,0.3,0.5,2.2,1.1,2012-2013,0
84,Darren Collison,PG,25,DAL,81,47,29.3,4.2,8.9,0.471,0.6,1.7,0.353,3.6,7.3,0.498,0.504,3,3.4,0.88,0.4,2.3,2.7,5.1,1.2,0.1,2.1,1.7,12,2012-2013,0
85,Nick Collison,C,32,OKC,81,2,19.5,2.2,3.7,0.595,0,0,0,2.2,3.6,0.603,0.595,0.7,1,0.769,1.5,2.6,4.1,1.5,0.6,0.4,0.9,2.4,5.1,2012-2013,0
86,Mike Conley,PG,25,MEM,80,80,34.5,5.2,11.8,0.44,1.3,3.7,0.362,3.9,8.1,0.476,0.497,2.9,3.5,0.83,0.5,2.3,2.8,6.1,2.2,0.3,2.4,2.1,14.6,2012-2013,0
87,Will Conroy,PG,30,MIN,4,0,5,0,2.3,0,0,0.8,0,0,1.5,0,0,0.3,0.5,0.5,0.3,0,0.3,0,0,0,0,0.3,0.3,2012-2013,0
88,Daequan Cook,SG,25,TOT,49,1,9,1,3.4,0.305,0.5,1.9,0.286,0.5,1.6,0.329,0.383,0.2,0.2,0.75,0.1,1.1,1.2,0.4,0.2,0.1,0.3,0.5,2.8,2012-2013,0
89,Chris Copeland,PF,28,NYK,56,13,15.4,3.3,6.8,0.479,1.1,2.5,0.421,2.2,4.3,0.513,0.557,1.1,1.5,0.759,0.6,1.5,2.1,0.5,0.3,0.2,0.9,1.9,8.7,2012-2013,0
90,DeMarcus Cousins,C,22,SAC,75,74,30.5,6.4,13.8,0.465,0.1,0.3,0.182,6.4,13.5,0.471,0.467,4.2,5.6,0.738,3,7,9.9,2.7,1.4,0.7,3,3.6,17.1,2012-2013,0
91,Jamal Crawford,SG,32,LAC,76,0,29.3,5.9,13.4,0.438,2,5.2,0.376,3.9,8.2,0.477,0.511,2.8,3.3,0.871,0.3,1.4,1.7,2.5,1,0.2,1.9,0.9,16.5,2012-2013,0
92,Jordan Crawford,SG,24,TOT,70,14,24.4,4.3,10.4,0.415,1.2,3.5,0.337,3.1,6.8,0.455,0.472,1.8,2.3,0.811,0.6,2.4,3,3.2,0.6,0.1,2,1.5,11.6,2012-2013,0
93,Jae Crowder,SF,22,DAL,78,16,17.3,1.8,4.7,0.384,0.8,2.5,0.328,1,2.2,0.446,0.47,0.6,0.9,0.644,0.4,1.9,2.4,1.2,0.8,0.2,0.6,1.6,5,2012-2013,0
94,Dante Cunningham,PF,25,MIN,80,9,25.1,3.9,8.4,0.468,0,0.1,0,3.9,8.3,0.472,0.468,0.8,1.3,0.65,1.8,3.3,5.1,0.8,1.1,0.5,0.7,1.9,8.7,2012-2013,0
95,Jared Cunningham,SG,21,DAL,8,0,3.3,0.8,1.8,0.429,0.3,0.4,0.667,0.5,1.4,0.364,0.5,0.3,0.3,1,0.1,0.3,0.4,0.1,0.1,0,0.3,0.4,2,2012-2013,0
96,Eddy Curry,C,30,DAL,2,0,12.5,2,4,0.5,0,0,,2,4,0.5,0.5,0.5,2,0.25,1,1,2,0,0,0,1.5,3.5,4.5,2012-2013,0
97,Stephen Curry,PG,24,GSW,78,78,38.2,8,17.8,0.451,3.5,7.7,0.453,4.5,10.1,0.449,0.549,3.4,3.7,0.9,0.8,3.3,4,6.9,1.6,0.2,3.1,2.5,22.9,2012-2013,0
98,Samuel Dalembert,C,31,MIL,47,23,16.3,2.9,5.4,0.542,0,0,1,2.9,5.4,0.54,0.543,0.8,1.2,0.691,2.2,3.6,5.9,0.4,0.4,1.1,1.1,1.9,6.7,2012-2013,0
99,Marquis Daniels,SF,32,MIL,59,33,18.4,2.2,5.9,0.376,0.3,1.2,0.278,1.9,4.7,0.401,0.405,0.7,0.9,0.741,0.8,1.7,2.5,1.1,0.9,0.2,0.8,1.3,5.5,2012-2013,0
100,Anthony Davis,PF,19,NOH,64,60,28.8,5.5,10.6,0.516,0,0.1,0,5.5,10.5,0.521,0.516,2.6,3.5,0.751,2.6,5.6,8.2,1,1.2,1.8,1.4,2.5,13.5,2012-2013,0
101,Ed Davis,C-PF,23,TOT,81,28,20.1,3.2,6,0.539,0,0,,3.2,6,0.539,0.539,1.3,2.1,0.617,1.9,3.8,5.7,0.8,0.5,1,0.8,2.4,7.7,2012-2013,0
102,Glen Davis,PF,27,ORL,34,33,31.3,6.3,14.1,0.448,0,0.1,0,6.3,14,0.45,0.448,2.5,3.4,0.718,1.6,5.6,7.2,2.1,0.9,0.6,1.9,2.6,15.1,2012-2013,0
103,Austin Daye,SF,24,TOT,55,0,12.3,1.6,3.8,0.433,0.7,1.8,0.418,0.9,2,0.445,0.531,0.5,0.6,0.765,0.3,1.9,2.2,0.8,0.3,0.4,0.5,1.5,4.5,2012-2013,0
104,Nando De Colo,SG,25,SAS,72,6,12.8,1.5,3.3,0.436,0.4,1.1,0.378,1,2.2,0.465,0.5,0.5,0.6,0.795,0.3,1.6,1.9,1.9,0.6,0.1,1.1,1.2,3.8,2012-2013,0
105,Carlos Delfino,SF,30,HOU,67,5,25.2,3.7,9.3,0.405,2.4,6.3,0.375,1.4,3,0.467,0.532,0.7,0.8,0.857,0.3,3,3.3,2,1,0.1,1.1,1.7,10.6,2012-2013,0
106,Luol Deng,SF,27,CHI,75,75,38.7,6.2,14.6,0.426,1,3.1,0.322,5.2,11.5,0.455,0.461,3.1,3.8,0.816,2.2,4.2,6.3,3,1.1,0.4,1.9,1.4,16.5,2012-2013,0
107,Justin Dentmon,PG,27,DAL,2,0,2,0,1,0,0,0,,0,1,0,0,0,0,,0,0,0,0,0,0,0,0,0,2012-2013,0
108,DeMar DeRozan,SG,23,TOR,82,82,36.7,6.7,15,0.445,0.4,1.5,0.283,6.3,13.5,0.463,0.459,4.3,5.2,0.831,0.6,3.3,3.9,2.5,0.9,0.3,1.8,2.1,18.1,2012-2013,0
109,Boris Diaw,PF,30,SAS,75,20,22.8,2.4,4.4,0.539,0.4,1,0.385,2,3.4,0.587,0.584,0.6,0.9,0.723,0.9,2.5,3.4,2.4,0.7,0.4,1.1,1.9,5.8,2012-2013,0
110,DeSagana Diop,C,31,CHA,22,1,10.3,0.4,1.2,0.296,0,0,0,0.4,1.2,0.308,0.296,0,0,0,0.5,1.9,2.3,0.6,0.2,0.7,0.4,0.9,0.7,2012-2013,0
111,Keyon Dooling,PG,32,MEM,7,0,11.7,1.4,3,0.476,0.7,1.7,0.417,0.7,1.3,0.556,0.595,0.9,1,0.857,0,0.1,0.1,1.1,0.1,0,0.7,1.1,4.4,2012-2013,0
112,Toney Douglas,PG,26,TOT,71,0,18.2,2.6,6.6,0.403,1.2,3,0.38,1.5,3.5,0.424,0.491,1.1,1.2,0.905,0.5,1.5,1.9,2.1,1,0,1.1,2,7.5,2012-2013,0
113,Chris Douglas-Roberts,SG,26,DAL,6,0,10.5,0.8,2.3,0.357,0,0.7,0,0.8,1.7,0.5,0.357,1.2,1.7,0.7,0,0.8,0.8,0.7,0.3,0,0.2,0.7,2.8,2012-2013,0
114,Goran Dragić,PG,26,PHO,77,77,33.5,5.2,11.8,0.443,1.1,3.6,0.319,4.1,8.2,0.497,0.491,3.2,4.2,0.748,0.8,2.3,3.1,7.4,1.6,0.3,2.8,2.8,14.7,2012-2013,0
115,Andre Drummond,C,19,DET,60,10,20.7,3.5,5.7,0.608,0,0,0.5,3.5,5.7,0.609,0.61,1,2.7,0.371,2.8,4.8,7.6,0.5,1,1.6,1,2.4,7.9,2012-2013,0
116,Jared Dudley,SF,27,PHO,79,50,27.5,4,8.5,0.468,1.3,3.4,0.391,2.6,5,0.52,0.547,1.6,2.1,0.796,1,2.1,3.1,2.6,0.9,0.1,1.3,1.6,10.9,2012-2013,0
117,Chris Duhon,PG,30,LAL,46,9,17.8,1,2.7,0.382,0.7,2,0.363,0.3,0.7,0.438,0.516,0.1,0.3,0.462,0.2,1.2,1.5,2.9,0.4,0,0.9,1.2,2.9,2012-2013,0
118,Tim Duncan*,C,36,SAS,69,69,30.1,7.1,14.1,0.502,0,0.1,0.286,7.1,14,0.504,0.503,3.6,4.3,0.817,1.8,8.1,9.9,2.7,0.7,2.7,2.1,1.7,17.8,2012-2013,0
119,Mike Dunleavy,SF,32,MIL,75,3,25.9,3.7,8.3,0.442,1.7,4,0.428,2,4.3,0.455,0.545,1.4,1.7,0.82,0.4,3.5,3.9,1.9,0.5,0.5,1.2,1.8,10.5,2012-2013,0
120,Kevin Durant,SF,24,OKC,81,81,38.5,9,17.7,0.51,1.7,4.1,0.416,7.3,13.6,0.539,0.559,8.4,9.3,0.905,0.6,7.3,7.9,4.6,1.4,1.3,3.5,1.8,28.1,2012-2013,0
121,Devin Ebanks,SF,23,LAL,19,3,10.4,1.3,3.8,0.329,0.3,1.2,0.273,0.9,2.7,0.353,0.37,0.6,0.7,0.786,0.5,1.6,2.2,0.5,0.2,0.1,0.6,1.2,3.4,2012-2013,0
122,Wayne Ellington,SG,25,TOT,78,21,21.3,2.9,6.8,0.427,1.2,3.1,0.392,1.7,3.7,0.457,0.516,0.9,1,0.907,0.3,1.8,2.1,1.3,0.6,0,0.7,1,7.9,2012-2013,0
123,Monta Ellis,SG,27,MIL,82,82,37.5,7.3,17.5,0.416,1.1,4,0.287,6.1,13.5,0.454,0.448,3.5,4.6,0.773,0.5,3.3,3.9,6,2.1,0.4,3.1,2,19.2,2012-2013,0
124,Kim English,SG,24,DET,41,0,9.9,1,2.7,0.375,0.3,1.2,0.28,0.7,1.5,0.452,0.438,0.5,0.7,0.724,0.2,0.7,0.9,0.6,0.4,0.1,0.5,1.1,2.9,2012-2013,0
125,Jeremy Evans,PF,25,UTA,37,0,5.8,0.7,1.2,0.614,0,0,0,0.7,1.2,0.628,0.614,0.6,0.9,0.636,0.7,0.9,1.6,0.3,0.2,0.4,0.2,0.8,2,2012-2013,0
126,Reggie Evans,PF,32,BRK,80,56,24.6,1.6,3.3,0.479,0,0,,1.6,3.3,0.479,0.479,1.4,2.8,0.509,3.3,7.9,11.1,0.5,0.9,0.2,1.4,2.5,4.5,2012-2013,0
127,Tyreke Evans,SG,23,SAC,65,61,31,5.6,11.8,0.478,0.7,2,0.338,4.9,9.7,0.508,0.508,3.2,4.2,0.775,0.9,3.6,4.4,3.5,1.4,0.4,2,2,15.2,2012-2013,0
128,Festus Ezeli,C,23,GSW,78,41,14.4,0.9,2.2,0.438,0,0,,0.9,2.2,0.438,0.438,0.6,1,0.531,1.8,2.2,4,0.3,0.3,0.9,0.8,2,2.4,2012-2013,0
129,Kenneth Faried,PF,23,DEN,80,80,28.1,4.8,8.6,0.552,0,0,,4.8,8.6,0.552,0.552,2,3.3,0.613,3.3,5.9,9.2,1,1,1,1.4,2.9,11.5,2012-2013,0
130,Derrick Favors,PF,21,UTA,77,8,23.2,3.6,7.4,0.482,0,0.1,0,3.6,7.3,0.487,0.482,2.3,3.4,0.688,2.4,4.7,7.1,1,0.9,1.7,1.7,3.2,9.4,2012-2013,0
131,Raymond Felton,PG,28,NYK,68,68,34,5.5,13,0.427,1.4,3.8,0.36,4.2,9.2,0.455,0.48,1.5,1.9,0.789,0.8,2.1,2.9,5.5,1.4,0.2,2.3,1.9,13.9,2012-2013,0
132,Landry Fields,SF,24,TOR,51,22,20.3,2,4.4,0.457,0,0.3,0.143,2,4.1,0.478,0.462,0.7,1,0.642,1.2,2.9,4.1,1.2,0.6,0.2,0.8,1.2,4.7,2012-2013,0
133,Derek Fisher,SG-PG,38,TOT,33,9,17.4,1.7,4.9,0.342,0.9,2.4,0.375,0.8,2.5,0.309,0.435,1.1,1.2,0.921,0.1,1.1,1.1,1.4,0.6,0.1,0.9,1.7,5.3,2012-2013,0
134,Evan Fournier,SG,20,DEN,38,4,11.3,2,4,0.493,0.6,1.4,0.407,1.4,2.6,0.541,0.566,0.8,1,0.769,0.2,0.8,0.9,1.2,0.5,0,0.8,1.7,5.3,2012-2013,0
135,Randy Foye,SG,29,UTA,82,72,27.4,3.6,9,0.397,2.2,5.3,0.41,1.4,3.7,0.378,0.518,1.4,1.8,0.819,0.2,1.3,1.5,2,0.8,0.3,1.1,2.3,10.8,2012-2013,0
136,Jimmer Fredette,SG,23,SAC,69,0,14,2.5,5.9,0.421,0.9,2.3,0.417,1.6,3.7,0.423,0.5,1.2,1.4,0.859,0.3,0.8,1,1.3,0.4,0,1,0.9,7.2,2012-2013,0
137,Enes Freedom,C,20,UTA,70,2,15.4,2.9,5.4,0.544,0,0,1,2.9,5.4,0.542,0.545,1.3,1.7,0.795,1.9,2.4,4.3,0.4,0.4,0.5,1.4,1.7,7.2,2012-2013,0
138,Joel Freeland,PF,25,POR,51,1,9.4,1.1,2.8,0.408,0,0,,1.1,2.8,0.408,0.408,0.4,0.5,0.667,0.8,1.5,2.3,0.3,0.3,0.2,0.4,1.3,2.6,2012-2013,0
139,Danilo Gallinari,SF,24,DEN,71,71,32.5,5.1,12.3,0.418,1.9,5.1,0.373,3.2,7.2,0.45,0.495,4,4.9,0.822,0.9,4.3,5.2,2.5,0.9,0.5,1.6,1.8,16.2,2012-2013,0
140,Francisco García,SG-SF,31,TOT,58,20,17.7,2,5.2,0.393,1.2,3.1,0.374,0.9,2.1,0.421,0.505,0.3,0.4,0.857,0.1,1.4,1.6,1.1,0.8,0.7,0.6,1.5,5.5,2012-2013,0
141,Kevin Garnett*,C,36,BOS,68,68,29.7,6.2,12.5,0.496,0,0.2,0.125,6.2,12.3,0.504,0.498,2.3,3,0.786,1.1,6.7,7.8,2.3,1.1,0.9,1.6,2.3,14.8,2012-2013,0
142,Diante Garrett,PG,24,PHO,19,0,7.8,0.8,2.6,0.327,0.2,0.8,0.2,0.7,1.8,0.382,0.357,0.3,0.5,0.5,0.3,0.5,0.8,1.6,0.5,0,0.8,0.3,2.1,2012-2013,0
143,Marc Gasol,C,28,MEM,80,80,35,5.4,10.9,0.494,0,0.2,0.071,5.4,10.7,0.501,0.494,3.4,4,0.848,2.3,5.5,7.8,4,1,1.7,2,3.2,14.1,2012-2013,0
144,Pau Gasol,PF,32,LAL,49,42,33.8,5.5,11.8,0.466,0.2,0.6,0.286,5.3,11.2,0.475,0.473,2.6,3.6,0.702,2.3,6.3,8.6,4.1,0.5,1.2,2.1,1.9,13.7,2012-2013,0
145,Rudy Gay,SF,26,TOT,75,74,35.8,6.9,16.7,0.416,1.1,3.5,0.323,5.8,13.2,0.44,0.449,3.2,3.9,0.814,1.3,4.8,6.1,2.7,1.5,0.7,2.6,2.4,18.2,2012-2013,0
146,Alonzo Gee,SF,25,CLE,82,82,31,3.7,9.1,0.41,0.8,2.7,0.315,2.9,6.4,0.45,0.456,2,2.5,0.795,0.9,3,3.9,1.6,1.3,0.4,1.6,2.4,10.3,2012-2013,0
147,Mickaël Gelabale,SF,29,MIN,36,13,17.9,2,3.9,0.518,0.4,1.4,0.308,1.6,2.4,0.644,0.576,0.6,0.7,0.875,0.9,1.9,2.8,0.7,0.4,0.1,0.4,1.3,5,2012-2013,0
148,Paul George,SF,22,IND,79,79,37.6,6.2,14.9,0.419,2.2,5.9,0.362,4.1,8.9,0.457,0.491,2.8,3.5,0.807,1.1,6.5,7.6,4.1,1.8,0.6,2.9,2.9,17.4,2012-2013,0
149,Daniel Gibson,PG,26,CLE,46,3,20,1.8,5.4,0.34,1.2,3.5,0.344,0.6,1.8,0.333,0.453,0.6,0.8,0.703,0.1,1.2,1.3,1.8,0.7,0.1,0.7,1.9,5.4,2012-2013,0
150,Taj Gibson,PF,27,CHI,65,5,22.4,3.3,6.8,0.485,0,0.1,0,3.3,6.7,0.49,0.485,1.4,2,0.679,1.9,3.4,5.3,0.9,0.4,1.4,1.2,2.6,8,2012-2013,0
151,Manu Ginóbili,SG,35,SAS,60,0,23.2,3.8,9,0.425,1.4,3.9,0.353,2.4,5.1,0.48,0.502,2.7,3.4,0.796,0.5,2.9,3.4,4.6,1.3,0.2,2.2,1.9,11.8,2012-2013,0
152,Drew Gooden,C,31,MIL,16,0,9.4,1.3,3.8,0.328,0.1,0.3,0.2,1.2,3.5,0.339,0.336,0.7,1,0.688,0.8,1.1,1.9,0.4,0.3,0.4,0.6,1.3,3.3,2012-2013,0
153,Ben Gordon,SG,29,CHA,75,0,20.8,4.1,10.1,0.408,1.5,3.9,0.387,2.6,6.2,0.421,0.482,1.4,1.7,0.843,0.2,1.5,1.7,1.9,0.5,0.2,1.8,1.8,11.2,2012-2013,0
154,Eric Gordon,SG,24,NOH,42,40,30.1,5.6,13.9,0.402,1.3,4.1,0.324,4.3,9.8,0.436,0.45,4.5,5.3,0.842,0.2,1.6,1.8,3.3,1.1,0.2,2.8,1.8,17,2012-2013,0
155,Marcin Gortat,C,28,PHO,61,61,30.8,4.8,9.3,0.521,0,0,0,4.8,9.2,0.524,0.521,1.5,2.3,0.652,2.1,6.4,8.5,1.2,0.7,1.6,1.6,2.1,11.1,2012-2013,0
156,Andrew Goudelock,SG,24,LAL,1,0,6,0,2,0,0,0,,0,2,0,0,0,0,,1,0,1,0,0,0,0,0,0,2012-2013,0
157,Danny Granger,SF,29,IND,5,0,14.8,2,7,0.286,0.4,2,0.2,1.6,5,0.32,0.314,1,1.6,0.625,0.6,1.2,1.8,0.6,0.4,0.2,0.8,1.2,5.4,2012-2013,0
158,Aaron Gray,C,28,TOR,42,16,12.2,1.1,2.1,0.533,0,0,,1.1,2.1,0.533,0.533,0.5,1,0.523,1.1,2,3.2,0.8,0.2,0.1,0.9,2,2.8,2012-2013,0
159,Danny Green,SG,25,SAS,80,80,27.5,3.7,8.3,0.448,2.2,5.2,0.429,1.5,3.1,0.48,0.581,0.8,1,0.848,0.5,2.6,3.1,1.8,1.2,0.7,1.2,1.6,10.5,2012-2013,0
160,Draymond Green,SF,22,GSW,79,1,13.4,1.1,3.3,0.327,0.2,0.8,0.209,0.9,2.4,0.368,0.354,0.6,0.7,0.818,0.7,2.6,3.3,0.7,0.5,0.3,0.6,2,2.9,2012-2013,0
161,Gerald Green,SF,27,IND,60,7,18,2.6,7.1,0.366,1,3.1,0.314,1.6,3.9,0.407,0.435,0.9,1.1,0.8,0.5,1.8,2.4,0.8,0.3,0.4,0.9,1.1,7,2012-2013,0
162,Jeff Green,PF,26,BOS,81,17,27.8,4.6,10,0.467,0.9,2.2,0.385,3.8,7.7,0.49,0.51,2.6,3.3,0.808,0.7,3.2,3.9,1.6,0.7,0.8,1.6,2.2,12.8,2012-2013,0
163,Willie Green,SG,31,LAC,72,60,16.5,2.5,5.4,0.461,1,2.3,0.428,1.5,3.1,0.486,0.553,0.3,0.4,0.719,0.2,1.1,1.3,0.8,0.4,0.2,0.4,1.3,6.3,2012-2013,0
164,Blake Griffin,PF,23,LAC,80,80,32.5,7.2,13.4,0.538,0.1,0.4,0.179,7.2,13.1,0.548,0.541,3.5,5.3,0.66,2.3,6,8.3,3.7,1.2,0.6,2.3,2.9,18,2012-2013,0
165,Hamed Haddadi,C,27,TOT,30,0,10.7,1.2,2.7,0.427,0,0,,1.2,2.7,0.427,0.427,0.5,0.9,0.519,1.4,2.3,3.7,0.4,0.2,0.9,1,2,2.8,2012-2013,0
166,Jordan Hamilton,SF,22,DEN,40,1,9.9,2.1,5,0.418,0.7,1.8,0.37,1.4,3.2,0.445,0.485,0.3,0.7,0.5,0.8,1.6,2.4,0.6,0.4,0.2,0.5,0.6,5.2,2012-2013,0
167,Richard Hamilton,SG,34,CHI,50,45,21.8,4.1,9.5,0.429,0.3,1,0.308,3.8,8.5,0.444,0.446,1.3,1.5,0.857,0.3,1.3,1.7,2.4,0.5,0.1,1.7,1.9,9.8,2012-2013,0
168,Ben Hansbrough,PG,25,IND,28,0,7.1,0.5,1.6,0.333,0.2,0.8,0.261,0.3,0.8,0.409,0.4,0.8,1,0.778,0.1,0.6,0.6,0.8,0.3,0.1,0.6,0.8,2,2012-2013,0
169,Tyler Hansbrough,PF,27,IND,81,8,16.9,2.2,5,0.432,0,0,0,2.2,5,0.436,0.432,2.7,3.7,0.72,2,2.6,4.6,0.4,0.4,0.2,1,1.9,7,2012-2013,0
170,James Harden,SG,23,HOU,78,78,38.3,7.5,17.1,0.438,2.3,6.2,0.368,5.2,10.9,0.477,0.504,8.6,10.2,0.851,0.8,4.1,4.9,5.8,1.8,0.5,3.8,2.3,25.9,2012-2013,0
171,Maurice Harkless,SF,19,ORL,76,59,26,3.4,7.4,0.461,0.4,1.5,0.274,3,5.9,0.51,0.489,1,1.7,0.57,1.6,2.8,4.4,0.7,1.2,0.8,0.9,1.9,8.2,2012-2013,0
172,Josh Harrellson,C,23,MIA,6,0,5.2,0.7,1.5,0.444,0.2,0.8,0.2,0.5,0.7,0.75,0.5,0.2,0.3,0.5,0.5,0.7,1.2,0,0.2,0.2,0.5,0.7,1.7,2012-2013,0
173,Al Harrington,C,32,ORL,10,0,11.9,2,5.7,0.351,0.8,3,0.267,1.2,2.7,0.444,0.421,0.3,0.4,0.75,0.6,2.1,2.7,1,0.4,0.1,0.7,1.8,5.1,2012-2013,0
174,Devin Harris,SG,29,ATL,58,34,24.5,3.3,7.6,0.438,1.3,4,0.335,2,3.7,0.549,0.525,1.9,2.7,0.727,0.1,1.9,2,3.4,1.1,0.2,1.5,1.8,9.9,2012-2013,0
175,Terrel Harris,SG,25,TOT,20,0,6.9,0.2,1.4,0.148,0,0.4,0,0.2,1,0.211,0.148,0.4,0.5,0.7,0.2,1.1,1.3,0.5,0.1,0.2,0.9,0.9,0.8,2012-2013,0
176,Tobias Harris,SF-PF,20,TOT,55,34,23.6,4.2,9.3,0.455,0.6,2,0.315,3.6,7.3,0.493,0.488,1.9,2.5,0.752,1.3,3.9,5.2,1.3,0.6,0.8,1.2,2.2,11,2012-2013,0
177,Udonis Haslem,PF,32,MIA,75,59,18.9,1.7,3.3,0.514,0,0,,1.7,3.3,0.514,0.514,0.4,0.6,0.711,1.3,4.1,5.4,0.5,0.4,0.2,0.6,2.3,3.9,2012-2013,0
178,Spencer Hawes,C,24,PHI,82,40,27.2,4.6,9.9,0.464,0.4,1.1,0.356,4.2,8.8,0.477,0.483,1.5,1.9,0.777,2.1,5.1,7.2,2.2,0.3,1.4,1.6,2.8,11,2012-2013,0
179,Chuck Hayes,C,29,SAC,74,1,16.3,1.1,2.6,0.442,0,0,0,1.1,2.6,0.444,0.442,0.4,0.6,0.625,1.5,2.5,4,1.5,0.4,0.2,0.6,1.5,2.7,2012-2013,0
180,Gordon Hayward,SF,22,UTA,72,27,29.2,4.7,10.7,0.435,1.4,3.4,0.415,3.3,7.3,0.444,0.501,3.4,4.1,0.827,0.7,2.4,3.1,3,0.8,0.5,1.7,1.7,14.1,2012-2013,0
181,Lazar Hayward,SF,26,MIN,4,0,7.8,0.5,2.5,0.2,0,1,0,0.5,1.5,0.333,0.2,1.5,1.5,1,0,1,1,0.8,0.5,0,0,0.8,2.5,2012-2013,0
182,Brendan Haywood,C,33,CHA,61,17,19,1.5,3.5,0.431,0,0,0,1.5,3.5,0.433,0.431,0.5,1.1,0.455,2,2.7,4.8,0.5,0.3,0.8,0.8,2,3.5,2012-2013,0
183,Gerald Henderson,SG,25,CHA,68,58,31.4,5.6,12.6,0.447,0.5,1.5,0.33,5.1,11.1,0.462,0.466,3.8,4.6,0.824,0.8,2.9,3.7,2.6,1,0.5,1.6,2.2,15.5,2012-2013,0
184,Xavier Henry,SF,21,NOH,50,2,12.5,1.3,3.2,0.41,0.1,0.2,0.364,1.2,3,0.413,0.422,1.2,1.8,0.63,0.4,1.4,1.8,0.3,0.3,0.1,0.6,1.4,3.9,2012-2013,0
185,John Henson,PF,22,MIL,63,9,13.1,2.6,5.3,0.482,0,0,0,2.6,5.3,0.486,0.482,0.9,1.7,0.533,1.8,2.9,4.7,0.5,0.3,0.7,0.7,1.3,6,2012-2013,0
186,Roy Hibbert,C,26,IND,79,79,28.7,4.9,10.9,0.448,0,0.1,0.25,4.9,10.8,0.449,0.449,2.1,2.8,0.741,3.7,4.6,8.3,1.4,0.5,2.6,2.1,3.5,11.9,2012-2013,0
187,J.J. Hickson,C,24,POR,80,80,29,5.2,9.3,0.562,0,0,0,5.2,9.3,0.563,0.562,2.3,3.4,0.679,3.3,7,10.4,1.1,0.6,0.6,1.8,2,12.7,2012-2013,0
188,Cory Higgins,SG,23,CHA,6,0,5.3,1,3.2,0.316,0.2,0.8,0.2,0.8,2.3,0.357,0.342,0.2,0.3,0.5,0.2,0.3,0.5,0.8,0.5,0,0,0.8,2.3,2012-2013,0
189,Nenê,PF,30,WAS,61,49,27.2,4.7,9.7,0.48,0,0,0,4.7,9.7,0.481,0.48,3.2,4.4,0.729,1.7,5,6.7,2.9,0.9,0.6,2.3,2.8,12.6,2012-2013,0
190,George Hill,PG,26,IND,76,76,34.5,5.1,11.5,0.443,1.7,4.6,0.368,3.4,6.8,0.494,0.518,2.3,2.8,0.817,0.6,3.1,3.7,4.7,1.1,0.3,1.5,1.8,14.2,2012-2013,0
191,Grant Hill*,SF,40,LAC,29,0,15.1,1.3,3.4,0.388,0.1,0.4,0.273,1.2,3,0.402,0.403,0.5,0.8,0.583,0.2,1.5,1.7,0.9,0.4,0.2,0.9,1.3,3.2,2012-2013,0
192,Jordan Hill,PF,25,LAL,29,1,15.8,2.7,5.3,0.497,0,0.1,0,2.7,5.3,0.503,0.497,1.4,2.1,0.656,2.8,2.9,5.7,0.4,0.3,0.7,0.9,1.9,6.7,2012-2013,0
193,Kirk Hinrich,PG,32,CHI,60,60,29.4,2.7,7,0.377,1.2,3,0.39,1.5,4,0.367,0.461,1.2,1.6,0.714,0.3,2.4,2.6,5.2,1.1,0.4,1.7,3.2,7.7,2012-2013,0
194,Jrue Holiday,PG,22,PHI,78,78,37.5,7.1,16.5,0.431,1.2,3.2,0.368,5.9,13.3,0.446,0.466,2.3,3.1,0.752,1.1,3.1,4.2,8,1.6,0.4,3.7,2.2,17.7,2012-2013,0
195,Justin Holiday,SG,23,PHI,9,0,15.8,1.8,5.3,0.333,0.4,1.8,0.25,1.3,3.6,0.375,0.375,0.7,0.9,0.75,0,1.6,1.6,1.7,0.3,0.7,1,0.8,4.7,2012-2013,0
196,Ryan Hollins,C,28,LAC,60,0,11.1,1.2,1.9,0.614,0,0,,1.2,1.9,0.614,0.614,1.1,1.5,0.75,0.8,1.5,2.3,0.2,0.1,0.6,0.7,2.2,3.4,2012-2013,0
197,Tyler Honeycutt,SF,22,SAC,9,0,3.6,0.3,1.2,0.273,0,0.2,0,0.3,1,0.333,0.273,0.2,0.2,1,0.3,0.8,1.1,0.2,0,0.1,0.6,0.2,0.9,2012-2013,0
198,Al Horford,C,26,ATL,74,74,37.2,7.8,14.3,0.543,0,0.1,0.5,7.7,14.2,0.544,0.545,1.8,2.8,0.644,2.6,7.6,10.2,3.2,1.1,1.1,2,2.2,17.4,2012-2013,0
199,Dwight Howard,C,27,LAL,76,76,35.8,6.2,10.7,0.578,0,0.1,0.167,6.2,10.6,0.581,0.579,4.7,9.5,0.492,3.3,9.1,12.4,1.4,1.1,2.4,3,3.8,17.1,2012-2013,0
200,Josh Howard,SF,32,MIN,11,4,18.8,2.8,7,0.403,0.5,1.5,0.313,2.4,5.5,0.426,0.435,0.6,1.1,0.583,0.8,2.5,3.3,0.4,0.9,0.3,0.9,1.6,6.7,2012-2013,0
201,Juwan Howard,PF,39,MIA,7,2,7.3,1.4,2.7,0.526,0,0,,1.4,2.7,0.526,0.526,0.1,0.1,1,0,1.1,1.1,0.9,0,0,0.6,1.3,3,2012-2013,0
202,Kris Humphries,PF,27,BRK,65,21,18.3,2.1,4.8,0.448,0,0,0,2.1,4.7,0.451,0.448,1.5,1.9,0.789,1.9,3.7,5.6,0.5,0.2,0.5,0.9,2,5.8,2012-2013,0
203,Serge Ibaka,PF,23,OKC,80,80,31.1,5.6,9.7,0.573,0.3,0.7,0.351,5.3,9,0.591,0.586,1.8,2.4,0.749,2.8,4.9,7.7,0.5,0.4,3,1.6,2.7,13.2,2012-2013,0
204,Andre Iguodala,SG,29,DEN,80,80,34.7,5,11,0.451,1.1,3.6,0.317,3.8,7.4,0.515,0.502,1.9,3.4,0.574,1,4.3,5.3,5.4,1.7,0.7,2.6,1.6,13,2012-2013,0
205,Ersan İlyasova,PF,25,MIL,73,54,27.6,5.1,11,0.462,1.3,2.9,0.444,3.8,8.1,0.469,0.521,1.7,2.2,0.796,2.1,5,7.1,1.6,0.9,0.5,1,2.5,13.2,2012-2013,0
206,Kyrie Irving,PG,20,CLE,59,59,34.7,8.2,18.1,0.452,1.8,4.7,0.391,6.4,13.4,0.474,0.503,4.2,4.9,0.855,0.6,3.1,3.7,5.9,1.5,0.4,3.2,2.5,22.5,2012-2013,0
207,Royal Ivey,SG,31,PHI,53,5,13.2,1.2,2.7,0.431,0.7,1.7,0.42,0.5,1.1,0.446,0.559,0.2,0.3,0.563,0.3,0.8,1.1,0.6,0.4,0.1,0.4,1.4,3.2,2012-2013,0
208,Jarrett Jack,SG,29,GSW,79,4,29.7,4.9,10.8,0.452,1,2.6,0.404,3.9,8.3,0.466,0.499,2.1,2.5,0.843,0.3,2.8,3.1,5.6,0.8,0.1,2,1.7,12.9,2012-2013,0
209,Reggie Jackson,PG,22,OKC,70,0,14.2,2.1,4.6,0.458,0.3,1.5,0.231,1.8,3.2,0.566,0.495,0.7,0.9,0.839,0.3,2.1,2.4,1.7,0.4,0.2,0.8,1.2,5.3,2012-2013,0
210,Stephen Jackson,SF,34,SAS,55,6,19.5,2.2,6,0.373,0.8,3.1,0.271,1.4,2.9,0.481,0.442,0.9,1.3,0.7,0.4,2.4,2.8,1.5,0.7,0.3,1.4,1.6,6.2,2012-2013,0
211,Bernard James,C,27,DAL,46,11,9.9,1.2,2.2,0.515,0,0,0,1.2,2.2,0.525,0.515,0.5,0.9,0.61,1.1,1.7,2.8,0.1,0.3,0.8,0.4,1.4,2.8,2012-2013,0
212,Damion James,SF,25,BRK,2,0,0,0,0,,0,0,,0,0,,,0,0,,0,0.5,0.5,0,0,0,0,0,0,2012-2013,0
213,LeBron James,PF,28,MIA,76,76,37.9,10.1,17.8,0.565,1.4,3.3,0.406,8.7,14.5,0.602,0.603,5.3,7,0.753,1.3,6.8,8,7.3,1.7,0.9,3,1.4,26.8,2012-2013,1
214,Mike James,PG,37,DAL,45,23,19.2,2.2,6,0.373,1.1,2.8,0.384,1.2,3.2,0.363,0.461,0.5,0.6,0.793,0.2,1.4,1.6,3.1,0.6,0.1,1.2,2.1,6.1,2012-2013,0
215,Antawn Jamison,PF,36,LAL,76,6,21.5,3.5,7.6,0.464,1.1,3.1,0.361,2.4,4.5,0.535,0.537,1.2,1.8,0.691,1.4,3.3,4.8,0.7,0.4,0.3,0.7,1.6,9.4,2012-2013,0
216,Al Jefferson,C,28,UTA,78,78,33.1,7.8,15.8,0.494,0,0.2,0.118,7.8,15.6,0.5,0.495,2.1,2.8,0.77,2,7.2,9.2,2.1,1,1.1,1.3,2.2,17.8,2012-2013,0
217,Richard Jefferson,SF,32,GSW,56,1,10.1,1.1,2.4,0.456,0.3,0.8,0.311,0.9,1.6,0.527,0.507,0.7,0.9,0.717,0.1,1.4,1.5,0.6,0.3,0.1,0.4,0.8,3.1,2012-2013,0
218,Jared Jeffries,PF,31,POR,38,0,9.2,0.4,1.4,0.296,0,0.1,0,0.4,1.4,0.308,0.296,0.3,0.6,0.522,0.7,0.9,1.6,0.4,0.2,0.2,0.4,1.5,1.2,2012-2013,0
219,Charles Jenkins,SG-PG,23,TOT,59,1,7.5,0.8,2.1,0.405,0,0,0.5,0.8,2,0.403,0.409,0.2,0.4,0.545,0.1,0.4,0.5,0.7,0.3,0,0.4,0.4,1.9,2012-2013,0
220,John Jenkins,SG,21,ATL,61,2,14.8,2.1,4.8,0.446,0.9,2.3,0.384,1.3,2.6,0.5,0.536,1,1.1,0.843,0.3,1.3,1.5,0.9,0.2,0.2,0.7,0.6,6.1,2012-2013,0
221,Brandon Jennings,PG,23,MIL,80,80,36.2,6.2,15.6,0.399,2.2,5.8,0.375,4.1,9.8,0.412,0.468,2.9,3.5,0.819,0.7,2.3,3.1,6.5,1.6,0.1,2.5,1.9,17.5,2012-2013,0
222,Jonas Jerebko,PF,25,DET,49,2,18.2,2.9,6.4,0.449,0.5,1.7,0.301,2.4,4.8,0.502,0.489,1.4,1.8,0.773,1.4,2.4,3.8,0.9,0.8,0.2,0.9,1.8,7.7,2012-2013,0
223,Amir Johnson,PF,25,TOR,81,38,28.7,4.1,7.5,0.554,0.1,0.2,0.385,4.1,7.3,0.558,0.559,1.7,2.3,0.727,2.8,4.7,7.5,1.5,1,1.4,1.4,3.7,10,2012-2013,0
224,Chris Johnson,C,27,MIN,30,0,9.5,1.6,2.5,0.64,0,0,,1.6,2.5,0.64,0.64,0.7,1.1,0.618,0.7,1.3,2,0.3,0.2,0.9,0.4,1.6,3.9,2012-2013,0
225,Chris Johnson,SF,22,MEM,8,0,12.8,1.4,3.1,0.44,0.8,2.3,0.333,0.6,0.9,0.714,0.56,0.1,0.3,0.5,0.6,0.8,1.4,0.3,0.5,0,0.4,0.6,3.6,2012-2013,0
226,Ivan Johnson,PF,28,ATL,69,5,15,2.7,5.2,0.52,0,0.2,0.077,2.7,5,0.536,0.521,1.2,1.9,0.618,1.1,2.8,3.9,0.7,0.8,0.2,1,1.9,6.6,2012-2013,0
227,James Johnson,SF,25,SAC,54,11,16.3,2.2,5.2,0.413,0,0.4,0.095,2.1,4.9,0.439,0.417,0.7,1.2,0.597,0.9,1.8,2.7,1.1,0.8,0.9,1.3,1.8,5.1,2012-2013,0
228,Joe Johnson,SG,31,BRK,72,72,36.7,6.2,14.6,0.423,2.1,5.5,0.375,4.1,9.1,0.452,0.493,1.8,2.2,0.82,0.7,2.3,3,3.5,0.7,0.2,1.7,1.4,16.3,2012-2013,0
229,Orlando Johnson,SG,23,IND,51,0,12.1,1.4,3.5,0.4,0.7,1.8,0.383,0.7,1.7,0.419,0.5,0.5,0.6,0.719,0.4,1.8,2.2,0.9,0.2,0.2,0.6,1,4,2012-2013,0
230,Wesley Johnson,SF,25,PHO,50,21,19.1,3.2,7.9,0.407,1,3.1,0.323,2.2,4.8,0.461,0.47,0.5,0.7,0.771,0.4,2,2.5,0.7,0.4,0.4,1,1.1,8,2012-2013,0
231,Darius Johnson-Odom,SG,23,LAL,4,0,1.5,0,1,0,0,0.3,0,0,0.8,0,0,0,0,,0.3,0.8,1,0.3,0,0,0,0,0,2012-2013,0
232,Dahntay Jones,SF,32,TOT,78,19,13,1.1,2.8,0.369,0.1,0.6,0.224,0.9,2.2,0.41,0.394,1.1,1.4,0.77,0.3,1,1.3,0.6,0.3,0.1,0.5,1.5,3.4,2012-2013,0
233,DeQuan Jones,SF,22,ORL,63,17,12.7,1.5,3.5,0.436,0.1,0.6,0.257,1.4,2.9,0.47,0.456,0.5,0.8,0.667,0.3,1.4,1.7,0.3,0.3,0.3,0.5,0.9,3.7,2012-2013,0
234,Dominique Jones,PG,24,DAL,29,3,11.7,1.4,3.8,0.367,0,0.3,0.111,1.3,3.4,0.39,0.372,1.2,1.8,0.66,0.6,0.9,1.6,2.9,0.5,0.1,1.3,1,4,2012-2013,0
235,James Jones,SF,32,MIA,38,0,5.8,0.6,1.6,0.344,0.4,1.4,0.302,0.1,0.2,0.625,0.475,0.1,0.1,0.5,0,0.6,0.6,0.3,0.1,0.2,0.1,0.4,1.6,2012-2013,0
236,Kevin Jones,PF,23,CLE,32,0,10.4,1.3,3.3,0.402,0,0,,1.3,3.3,0.402,0.402,0.3,0.5,0.6,1.2,1.3,2.4,0.3,0.3,0.2,0.3,0.8,3,2012-2013,0
237,Perry Jones,SF,21,OKC,38,1,7.4,1,2.6,0.394,0,0.1,0,1,2.6,0.402,0.394,0.3,0.4,0.667,0.3,1.3,1.6,0.3,0.1,0.2,0.4,0.6,2.3,2012-2013,0
238,Solomon Jones,PF,28,NYK,2,1,13,0,0.5,0,0,0,,0,0.5,0,0,0,0,,0.5,1,1.5,0,0,0.5,1.5,1.5,0,2012-2013,0
239,Terrence Jones,PF,21,HOU,19,0,14.5,2.3,4.9,0.457,0.3,1,0.263,2,3.9,0.507,0.484,0.7,0.9,0.765,1.5,1.9,3.4,0.8,0.6,1,0.7,1.1,5.5,2012-2013,0
240,DeAndre Jordan,C,24,LAC,82,82,24.5,3.8,6,0.643,0,0,,3.8,6,0.643,0.643,1.2,3,0.386,2.6,4.7,7.2,0.3,0.6,1.4,1.2,2.3,8.8,2012-2013,0
241,Cory Joseph,PG,21,SAS,28,9,13.9,1.8,3.9,0.464,0.2,0.8,0.286,1.6,3.2,0.506,0.491,0.6,0.8,0.857,0.4,1.4,1.9,1.9,0.5,0.1,0.8,0.9,4.5,2012-2013,0
242,Kris Joseph,SF,24,TOT,10,0,5.4,0.2,1.4,0.143,0,0.3,0,0.2,1.1,0.182,0.143,0.5,0.8,0.625,0.1,0.6,0.7,0.1,0.3,0,0.2,0.3,0.9,2012-2013,0
243,Chris Kaman,C,30,DAL,66,52,20.7,4.7,9.3,0.507,0,0,0,4.7,9.3,0.508,0.507,1,1.3,0.788,1.5,4.2,5.6,0.8,0.4,0.8,1.6,2.1,10.5,2012-2013,0
244,Jason Kidd*,SG,39,NYK,76,48,26.9,2,5.4,0.372,1.5,4.3,0.351,0.5,1.1,0.452,0.511,0.5,0.6,0.833,0.7,3.6,4.3,3.3,1.6,0.3,1,1.6,6,2012-2013,0
245,Michael Kidd-Gilchrist,SF,19,CHA,78,77,26,3.6,7.9,0.458,0,0.1,0.222,3.6,7.7,0.462,0.46,1.8,2.4,0.749,1.7,4.2,5.8,1.5,0.7,0.9,1.3,2.1,9,2012-2013,0
246,Andrei Kirilenko,SF,31,MIN,64,64,31.8,4.4,8.8,0.507,0.5,1.9,0.292,3.9,6.9,0.566,0.538,2.9,3.9,0.752,1.6,4.1,5.7,2.8,1.5,1,1.9,1.3,12.4,2012-2013,0
247,Linas Kleiza,SF,28,TOR,20,3,18.8,2.4,7.2,0.333,1,3.3,0.303,1.4,3.9,0.359,0.403,1.6,1.9,0.842,0.5,2.1,2.6,0.8,0.2,0.1,0.7,2.3,7.4,2012-2013,0
248,Brandon Knight,PG,21,DET,75,75,31.5,4.8,11.7,0.407,1.6,4.4,0.367,3.2,7.3,0.43,0.475,2.2,3,0.733,0.7,2.6,3.3,4,0.8,0.1,2.7,2.1,13.3,2012-2013,0
249,Kyle Korver,SF,31,ATL,74,60,30.5,3.7,8.1,0.461,2.6,5.6,0.457,1.2,2.5,0.471,0.618,0.9,1.1,0.859,0.3,3.6,4,2,0.9,0.5,0.9,2.3,10.9,2012-2013,0
250,Kosta Koufos,C,23,DEN,81,81,22.4,3.6,6.3,0.581,0,0,0,3.6,6.3,0.582,0.581,0.7,1.3,0.558,2.6,4.3,6.9,0.4,0.5,1.3,0.7,3,8,2012-2013,0
251,Viacheslav Kravtsov,C,25,DET,25,0,9,1.3,1.8,0.717,0,0,,1.3,1.8,0.717,0.717,0.4,1.5,0.297,1,0.8,1.8,0.4,0.2,0.4,0.6,1.3,3.1,2012-2013,0
252,Doron Lamb,SG,21,TOT,47,0,12.3,1.3,3.5,0.368,0.3,0.8,0.378,1,2.7,0.365,0.411,0.4,0.7,0.588,0.2,0.8,1,0.7,0.3,0,0.6,1.1,3.3,2012-2013,0
253,Jeremy Lamb,SF,20,OKC,23,0,6.4,1,3,0.353,0.4,1.3,0.3,0.7,1.7,0.395,0.419,0.6,0.6,1,0.2,0.6,0.8,0.2,0.1,0.1,0.3,0.6,3.1,2012-2013,0
254,Carl Landry,PF,29,GSW,81,2,23.2,4,7.4,0.54,0,0,0.333,4,7.4,0.541,0.541,2.8,3.4,0.817,2.2,3.7,6,0.8,0.4,0.4,1.4,2.3,10.8,2012-2013,0
255,Ty Lawson,PG,25,DEN,73,71,34.4,6.1,13.3,0.461,1.2,3.2,0.366,5,10.1,0.491,0.505,3.2,4.3,0.756,0.5,2.2,2.7,6.9,1.5,0.1,2.5,1.8,16.7,2012-2013,0
256,Courtney Lee,SG,27,BOS,78,39,24.9,3.2,6.8,0.464,0.7,2,0.372,2.4,4.8,0.503,0.519,0.8,0.9,0.861,0.4,2,2.4,1.8,1.1,0.3,1.1,1.8,7.8,2012-2013,0
257,David Lee,PF,29,GSW,79,79,36.8,7.6,14.7,0.519,0,0.1,0,7.6,14.6,0.521,0.519,3.2,4.1,0.797,2.8,8.5,11.2,3.5,0.8,0.3,2.6,3.1,18.5,2012-2013,0
258,Malcolm Lee,SG,22,MIN,16,12,18.1,1.8,4.8,0.382,0.5,1.5,0.333,1.3,3.3,0.404,0.434,0.8,1.3,0.6,0.9,1.5,2.4,1.3,0.8,0.4,0.6,1.9,4.9,2012-2013,0
259,Kawhi Leonard,SF,21,SAS,58,57,31.2,4.5,9.1,0.494,1.1,3,0.374,3.4,6.1,0.554,0.556,1.8,2.2,0.825,1.1,4.9,6,1.6,1.7,0.6,1.1,1.7,11.9,2012-2013,0
260,Meyers Leonard,C,20,POR,69,9,17.5,2.2,4,0.545,0,0.1,0.429,2.1,3.9,0.548,0.551,1,1.3,0.809,1.2,2.5,3.7,0.5,0.2,0.6,0.7,2.4,5.5,2012-2013,0
261,Jon Leuer,PF-C,23,TOT,28,0,6.7,0.9,1.9,0.481,0,0.1,0,0.9,1.8,0.51,0.481,0.2,0.5,0.462,0.5,0.9,1.3,0.3,0.2,0,0.3,0.8,2,2012-2013,0
262,Rashard Lewis,PF,33,MIA,55,9,14.4,1.9,4.5,0.414,0.9,2.4,0.389,0.9,2.1,0.441,0.516,0.5,0.8,0.622,0.3,1.9,2.2,0.5,0.4,0.3,0.6,1.2,5.2,2012-2013,0
263,DeAndre Liggins,SG,24,OKC,39,1,7.4,0.5,1.2,0.447,0.2,0.5,0.368,0.4,0.7,0.5,0.521,0.2,0.5,0.5,0.3,1,1.4,0.4,0.5,0.1,0.4,0.8,1.5,2012-2013,0
264,Damian Lillard,PG,22,POR,82,82,38.6,6.7,15.7,0.429,2.3,6.1,0.368,4.5,9.6,0.469,0.501,3.3,3.9,0.844,0.5,2.6,3.1,6.5,0.9,0.2,3,2.1,19,2012-2013,0
265,Jeremy Lin,PG,24,HOU,82,82,32.2,4.8,10.9,0.441,1.1,3.1,0.339,3.8,7.8,0.483,0.49,2.6,3.4,0.785,0.4,2.6,3,6.1,1.6,0.4,2.9,2.5,13.4,2012-2013,0
266,Shaun Livingston,PG,27,TOT,66,16,22,2.5,5.2,0.48,0,0.1,0,2.5,5.2,0.485,0.48,1.3,1.5,0.867,0.5,1.9,2.4,3.3,0.7,0.5,1.2,1.9,6.3,2012-2013,0
267,Brook Lopez,C,24,BRK,74,74,30.4,7.7,14.8,0.521,0,0,0,7.7,14.8,0.522,0.521,4,5.3,0.758,2.8,4.1,6.9,0.9,0.4,2.1,1.8,2.1,19.4,2012-2013,0
268,Robin Lopez,C,24,NOH,82,82,26,4.7,8.8,0.534,0,0,,4.7,8.8,0.534,0.534,2,2.5,0.778,2.8,2.9,5.6,0.8,0.4,1.6,1.3,2,11.3,2012-2013,0
269,Kevin Love,PF,24,MIN,18,18,34.3,5.8,16.6,0.352,1.1,5.1,0.217,4.7,11.4,0.413,0.386,5.6,7.9,0.704,3.6,10.4,14,2.3,0.7,0.5,2.2,1.9,18.3,2012-2013,0
270,Kyle Lowry,PG,26,TOR,68,52,29.7,3.7,9.2,0.401,1.5,4.1,0.362,2.2,5.1,0.433,0.482,2.8,3.5,0.795,0.8,3.9,4.7,6.4,1.4,0.4,2.3,3.2,11.6,2012-2013,0
271,John Lucas III,PG,30,TOR,63,0,13.1,2,5.3,0.386,0.9,2.4,0.377,1.1,2.9,0.393,0.472,0.3,0.4,0.72,0.1,0.9,1,1.7,0.4,0,0.4,0.8,5.3,2012-2013,0
272,Scott Machado,PG,22,HOU,6,0,3.5,0.5,1,0.5,0,0.2,0,0.5,0.8,0.6,0.5,0.3,0.3,1,0,0.2,0.2,1,0.3,0,1.3,0,1.3,2012-2013,0
273,Shelvin Mack,PG-SG,22,TOT,31,3,13.4,1.9,4.1,0.46,0.6,1.6,0.367,1.3,2.5,0.519,0.532,0.3,0.5,0.563,0.1,1.2,1.3,2.2,0.5,0,1.1,1.3,4.6,2012-2013,0
274,Corey Maggette,SF,33,DET,18,0,14.3,1.5,4.2,0.355,0.3,1.2,0.238,1.2,3.1,0.4,0.388,2,2.7,0.75,0.3,1.1,1.4,1.1,0.3,0.1,0.9,2.3,5.3,2012-2013,0
275,Ian Mahinmi,C,26,IND,80,2,16.5,1.9,4.1,0.453,0,0,0,1.9,4.1,0.456,0.453,1.3,2.1,0.608,1.4,2.5,3.9,0.3,0.5,0.8,1.2,2.5,5,2012-2013,0
276,Shawn Marion,PF,34,DAL,67,67,30,5.3,10.3,0.514,0.3,1.1,0.315,5,9.2,0.538,0.531,1.2,1.5,0.782,2.2,5.7,7.8,2.4,1.1,0.7,1.5,1.7,12.1,2012-2013,0
277,Kendall Marshall,PG,21,PHO,48,3,14.6,1.2,3.1,0.371,0.5,1.5,0.315,0.7,1.6,0.423,0.447,0.2,0.3,0.571,0.1,0.8,0.9,3,0.5,0.1,1.2,1,3,2012-2013,0
278,Cartier Martin,SF,28,WAS,41,3,16.9,2.3,6.1,0.381,1.4,3.6,0.397,0.9,2.6,0.358,0.496,0.5,0.7,0.714,0.3,2.2,2.4,0.5,0.5,0.1,0.8,1.4,6.6,2012-2013,0
279,Kenyon Martin,C,35,NYK,18,11,23.9,3.1,5.2,0.602,0,0,,3.1,5.2,0.602,0.602,0.9,2.2,0.425,1.9,3.4,5.3,0.4,0.9,0.9,0.9,3.6,7.2,2012-2013,0
280,Kevin Martin,SG,29,OKC,77,0,27.7,4.5,10.1,0.45,2.1,4.8,0.426,2.5,5.3,0.472,0.551,2.8,3.2,0.89,0.4,1.9,2.3,1.4,0.9,0.1,1.3,1.8,14,2012-2013,0
281,Roger Mason,SG,32,NOH,69,13,17.7,1.9,4.4,0.433,1,2.3,0.415,1,2.1,0.452,0.541,0.6,0.6,0.907,0.2,1.8,1.9,1.1,0.4,0.2,0.7,1.5,5.3,2012-2013,0
282,Wesley Matthews,SG,26,POR,69,69,34.8,5.1,11.7,0.436,2.4,6.2,0.398,2.7,5.6,0.478,0.54,2.2,2.7,0.797,0.5,2.3,2.8,2.5,1.3,0.3,1.6,2.5,14.8,2012-2013,0
283,Jason Maxiell,PF,29,DET,72,71,24.8,2.8,6.3,0.446,0,0,,2.8,6.3,0.446,0.446,1.3,2,0.621,1.9,3.8,5.7,0.8,0.4,1.3,1.1,2.4,6.9,2012-2013,0
284,Eric Maynor,PG-SG,25,TOT,64,0,15,1.7,4.4,0.377,0.5,1.5,0.354,1.1,2.9,0.389,0.438,0.7,1,0.726,0.1,0.6,0.7,2.8,0.3,0,1.2,0.9,4.5,2012-2013,0
285,O.J. Mayo,SG,25,DAL,82,82,35.5,5.6,12.5,0.449,1.7,4.3,0.407,3.9,8.3,0.471,0.519,2.3,2.8,0.82,0.4,3.1,3.5,4.4,1.1,0.3,2.6,2.4,15.3,2012-2013,0
286,Luc Mbah a Moute,SF,26,MIL,58,45,22.9,2.6,6.5,0.401,0.2,0.6,0.351,2.4,5.9,0.406,0.418,1.2,2.2,0.571,1.5,2.9,4.4,0.9,0.7,0.2,1.2,1.4,6.7,2012-2013,0
287,JaVale McGee,C,25,DEN,79,0,18.1,3.8,6.7,0.575,0,0,1,3.8,6.7,0.574,0.576,1.4,2.4,0.591,2,2.8,4.8,0.3,0.4,2,1.1,2.3,9.1,2012-2013,0
288,Dominic McGuire,SF,27,TOT,26,10,14.9,0.9,2.2,0.429,0,0,,0.9,2.2,0.429,0.429,0.1,0.4,0.3,0.7,2.3,3,0.8,0.5,0.4,0.5,1.5,2,2012-2013,0
289,Josh McRoberts,PF,25,TOT,67,22,22.2,2.3,5.1,0.455,0.4,1.3,0.286,2,3.9,0.51,0.49,1,1.3,0.765,1.4,3.5,4.9,2.1,0.5,0.4,1,2,6,2012-2013,0
290,Jodie Meeks,SG,25,LAL,78,10,21.3,2.6,6.8,0.387,1.6,4.4,0.357,1.1,2.4,0.441,0.502,1.1,1.2,0.896,0.5,1.7,2.2,0.9,0.7,0.1,0.7,1.3,7.9,2012-2013,0
291,Fab Melo,C,22,BOS,6,0,6,0.5,1,0.5,0,0,,0.5,1,0.5,0.5,0.2,0.7,0.25,0,0.5,0.5,0,0.3,0.3,0.2,1.2,1.2,2012-2013,0
292,Khris Middleton,SG,21,DET,27,0,17.6,2.3,5.2,0.44,0.5,1.7,0.311,1.8,3.6,0.5,0.489,1,1.2,0.844,0.1,1.7,1.9,1,0.6,0.1,0.4,2,6.1,2012-2013,0
293,C.J. Miles,SF,25,CLE,65,13,21,3.9,9.4,0.415,1.9,5,0.384,2,4.4,0.451,0.518,1.4,1.6,0.869,0.4,2.3,2.7,1,0.8,0.3,1.1,2.1,11.2,2012-2013,0
294,Darko Miličić,C,27,BOS,1,0,5,0,1,0,0,0,,0,1,0,0,0,0,,0,1,1,0,0,0,2,1,0,2012-2013,0
295,Andre Miller,PG,36,DEN,82,11,26.2,3.7,7.7,0.479,0.2,0.8,0.266,3.5,6.9,0.504,0.493,2,2.4,0.84,0.7,2.2,2.9,5.9,0.9,0.1,2.1,1.9,9.6,2012-2013,0
296,Darius Miller,SF,22,NOH,52,2,13.3,0.8,2.1,0.407,0.4,1.1,0.393,0.4,1,0.423,0.509,0.2,0.2,1,0.2,1.3,1.5,0.8,0.3,0.2,0.4,1.7,2.3,2012-2013,0
297,Mike Miller,SF,32,MIA,59,17,15.3,1.7,3.9,0.433,1.2,3,0.417,0.5,0.9,0.482,0.591,0.1,0.2,0.727,0.3,2.4,2.7,1.7,0.4,0.1,0.6,1.1,4.8,2012-2013,0
298,Quincy Miller,PF,20,DEN,7,0,3.7,0.6,1.7,0.333,0,0.1,0,0.6,1.6,0.364,0.333,0.1,0.3,0.5,0.1,0.1,0.3,0.4,0.1,0,0.1,0.4,1.3,2012-2013,0
299,Patty Mills,PG,24,SAS,58,2,11.3,1.9,4.2,0.469,0.9,2.2,0.4,1.1,1.9,0.55,0.577,0.3,0.3,0.842,0.2,0.7,0.9,1.1,0.4,0.1,0.7,0.9,5.1,2012-2013,0
300,Paul Millsap,PF,27,UTA,78,78,30.4,5.5,11.2,0.49,0.2,0.5,0.333,5.3,10.7,0.498,0.498,3.4,4.6,0.742,2.3,4.8,7.1,2.6,1.3,1,1.8,3,14.6,2012-2013,0
301,Nazr Mohammed,C,35,CHI,63,12,11,1,2.9,0.367,0,0,0,1,2.8,0.371,0.367,0.5,0.7,0.723,1.2,1.9,3.1,0.4,0.3,0.5,0.4,1.5,2.6,2012-2013,0
302,Greg Monroe,C,22,DET,81,81,33.2,6.3,13.1,0.486,0,0,0,6.3,13,0.488,0.486,3.3,4.8,0.689,2.9,6.7,9.6,3.5,1.3,0.7,2.9,2.3,16,2012-2013,0
303,E'Twaun Moore,SG,23,ORL,75,21,22.4,3.2,8,0.396,0.9,2.6,0.34,2.3,5.3,0.424,0.452,0.6,0.8,0.797,0.6,1.6,2.2,2.7,0.7,0.3,1.4,1.6,7.8,2012-2013,0
304,Darius Morris,PG,22,LAL,48,17,14.2,1.5,3.9,0.388,0.5,1.4,0.364,1,2.5,0.402,0.452,0.5,0.8,0.649,0.5,0.7,1.2,1.6,0.4,0,0.9,1.2,4,2012-2013,0
305,Marcus Morris,PF-SF,23,TOT,77,23,19.8,2.9,6.8,0.422,1.1,3,0.369,1.8,3.8,0.464,0.504,0.9,1.5,0.564,1,2.6,3.6,0.8,0.6,0.3,1,2.1,7.7,2012-2013,0
306,Markieff Morris,PF,23,PHO,82,32,22.4,3.2,8,0.407,0.5,1.6,0.336,2.7,6.3,0.426,0.442,1.1,1.5,0.732,1.6,3.2,4.8,1.3,0.9,0.8,1.3,2.5,8.2,2012-2013,0
307,Anthony Morrow,SG,27,TOT,41,1,9.3,1.6,3.5,0.441,0.4,1,0.372,1.2,2.5,0.471,0.497,0.5,0.5,0.909,0.3,0.5,0.7,0.3,0.3,0,0.2,1,4,2012-2013,0
308,Donatas Motiejūnas,PF,22,HOU,44,14,12.2,2.2,4.8,0.455,0.5,1.9,0.289,1.7,3,0.562,0.512,0.7,1.2,0.627,0.8,1.3,2.1,0.7,0.2,0.2,0.8,1.7,5.7,2012-2013,0
309,Arnett Moultrie,PF,22,PHI,47,0,11.5,1.7,2.9,0.582,0,0,,1.7,2.9,0.582,0.582,0.4,0.6,0.643,1.6,1.5,3.1,0.2,0.4,0.2,0.4,0.9,3.7,2012-2013,0
310,Timofey Mozgov,C,26,DEN,41,1,8.9,1.1,2.1,0.506,0,0,0,1.1,2.1,0.518,0.506,0.5,0.6,0.769,1.2,1.4,2.6,0.2,0.1,0.4,0.6,1.4,2.6,2012-2013,0
311,Byron Mullens,PF,23,CHA,53,41,26.9,4.1,10.6,0.385,1.2,3.9,0.317,2.8,6.7,0.425,0.444,1.2,1.9,0.646,1.3,5,6.4,1.5,0.6,0.6,1.4,2.1,10.6,2012-2013,0
312,Kevin Murphy,SG,22,UTA,17,0,3.1,0.4,1.6,0.25,0.1,0.3,0.2,0.4,1.4,0.261,0.268,0,0,,0,0.2,0.2,0.1,0.1,0,0.2,0.2,0.9,2012-2013,0
313,Troy Murphy,PF,32,DAL,14,1,18.3,1.6,4.4,0.361,0.8,2.5,0.314,0.8,1.9,0.423,0.451,0.7,0.8,0.909,0.5,3,3.5,0.5,0.7,0.4,0.5,2.1,4.6,2012-2013,0
314,Steve Nash*,PG,38,LAL,50,50,32.5,4.7,9.5,0.497,1.1,2.6,0.438,3.6,6.9,0.519,0.557,2.1,2.3,0.922,0.5,2.3,2.8,6.7,0.6,0.1,2.5,1.4,12.7,2012-2013,0
315,Gary Neal,SG,28,SAS,68,17,21.8,3.6,8.8,0.412,1.3,3.7,0.355,2.3,5.1,0.454,0.487,0.9,1.1,0.865,0.2,1.9,2.1,1.9,0.4,0,1,1.4,9.5,2012-2013,0
316,Jameer Nelson,PG,30,ORL,56,56,35.3,5.5,13.9,0.392,2.2,6.3,0.341,3.3,7.6,0.435,0.47,1.6,1.8,0.873,0.4,3.3,3.7,7.4,1.3,0.1,2.8,2.9,14.7,2012-2013,0
317,Andrew Nicholson,PF,23,ORL,75,28,16.7,3.4,6.5,0.527,0,0,,3.4,6.5,0.527,0.527,1,1.3,0.798,0.9,2.5,3.4,0.6,0.3,0.4,1.1,1.8,7.8,2012-2013,0
318,Joakim Noah,C,27,CHI,66,64,36.8,4.6,9.5,0.481,0,0.1,0,4.6,9.5,0.485,0.481,2.7,3.6,0.751,3.9,7.2,11.1,4,1.2,2.1,2.7,2.8,11.9,2012-2013,0
319,Steve Novak,SF,29,NYK,81,1,20.3,2.2,5.3,0.414,1.8,4.3,0.425,0.4,1,0.367,0.587,0.4,0.4,0.909,0.2,1.7,1.9,0.4,0.3,0.1,0.1,1.2,6.6,2012-2013,0
320,Dirk Nowitzki,PF,34,DAL,53,47,31.3,6.5,13.7,0.471,1.2,3,0.414,5.2,10.8,0.487,0.516,3.1,3.6,0.86,0.7,6.2,6.8,2.5,0.7,0.7,1.3,1.8,17.3,2012-2013,0
321,Jermaine O'Neal,C,34,PHO,55,4,18.7,3.3,6.7,0.482,0,0,,3.3,6.7,0.482,0.482,1.7,2.1,0.835,1.5,3.8,5.3,0.8,0.3,1.4,1.3,2.3,8.3,2012-2013,0
322,Kyle O'Quinn,C,22,ORL,57,5,11.2,1.8,3.5,0.513,0,0,0,1.8,3.4,0.515,0.513,0.5,0.8,0.667,1.1,2.5,3.7,0.9,0.2,0.5,0.6,1.9,4.1,2012-2013,0
323,Lamar Odom,PF,33,LAC,82,2,19.7,1.8,4.5,0.399,0.2,1.1,0.2,1.6,3.4,0.464,0.423,0.2,0.5,0.476,1.4,4.4,5.9,1.7,0.8,0.7,1,2.6,4,2012-2013,0
324,Tim Ohlbrecht,C,24,HOU,3,0,4,0.3,1,0.333,0,0,,0.3,1,0.333,0.333,0.3,0.3,1,0,0.3,0.3,0.3,0.3,0,1.3,0.3,1,2012-2013,0
325,Emeka Okafor,C,30,WAS,79,77,26,4.2,8.7,0.477,0,0,,4.2,8.7,0.477,0.477,1.4,2.4,0.571,2.5,6.2,8.8,1.2,0.6,1,1.4,1.8,9.7,2012-2013,0
326,Daniel Orton,C,22,OKC,13,0,8,0.9,2,0.462,0,0,,0.9,2,0.462,0.462,0.7,1.3,0.529,1,1,2,0.3,0.3,0.2,0.3,1,2.5,2012-2013,0
327,Travis Outlaw,SF,28,SAC,38,2,11.7,1.9,4.7,0.418,0.4,1.3,0.28,1.6,3.3,0.472,0.458,1,1.4,0.731,0.4,1.2,1.6,0.6,0.3,0.2,0.5,0.9,5.3,2012-2013,0
328,Zaza Pachulia,C,28,ATL,52,15,21.8,2.2,4.6,0.473,0,0.1,0,2.2,4.6,0.479,0.473,1.5,2,0.757,2.5,3.9,6.5,1.5,0.7,0.2,1.3,2.5,5.9,2012-2013,0
329,Jannero Pargo,PG,33,TOT,32,0,15.8,2.4,6.6,0.368,1.2,3.6,0.336,1.2,3,0.406,0.46,0.4,0.4,0.923,0.3,0.8,1.1,2.1,0.6,0.1,1.3,1.3,6.5,2012-2013,0
330,Jeremy Pargo,PG-SG,26,TOT,39,11,16.8,2.5,6.4,0.396,0.6,1.9,0.338,1.9,4.5,0.42,0.446,1.1,1.6,0.677,0.2,1.1,1.3,2.4,0.3,0.1,1.3,1.2,6.8,2012-2013,0
331,Tony Parker,PG,30,SAS,66,66,32.9,7.9,15.1,0.522,0.4,1,0.353,7.5,14,0.534,0.534,4.2,5,0.845,0.3,2.7,3,7.6,0.8,0.1,2.6,1.4,20.3,2012-2013,0
332,Chandler Parsons,SF,24,HOU,76,76,36.3,6,12.4,0.486,2,5.2,0.385,4,7.2,0.559,0.567,1.5,2,0.729,1,4.3,5.3,3.5,1,0.4,1.9,1.9,15.5,2012-2013,0
333,Patrick Patterson,PF,23,TOT,71,41,25,4.5,8.8,0.512,0.7,1.9,0.386,3.8,6.9,0.546,0.553,0.7,0.9,0.762,1.6,3.2,4.7,1.1,0.4,0.6,0.9,1.9,10.4,2012-2013,0
334,Chris Paul,PG,27,LAC,70,70,33.4,5.9,12.2,0.481,1.1,3.3,0.328,4.8,8.9,0.538,0.526,4.1,4.6,0.885,0.8,3,3.7,9.7,2.4,0.1,2.3,2,16.9,2012-2013,0
335,Sasha Pavlović,SG,29,POR,39,1,13.5,1.1,3.1,0.353,0.5,1.5,0.3,0.6,1.5,0.407,0.429,0,0.2,0.167,0.2,1.3,1.4,0.8,0.6,0.1,0.4,1.5,2.6,2012-2013,0
336,Nikola Peković,C,27,MIN,62,62,31.6,6.2,12,0.52,0,0,,6.2,12,0.52,0.52,3.9,5.2,0.744,3.7,5.1,8.8,0.9,0.7,0.8,1.6,2.3,16.3,2012-2013,0
337,Kendrick Perkins,C,28,OKC,78,78,25.1,1.8,4,0.457,0,0,0,1.8,4,0.458,0.457,0.6,0.9,0.611,1.4,4.6,6,1.4,0.6,1.1,1.4,2.9,4.2,2012-2013,0
338,Johan Petro,C,27,ATL,31,8,11.4,1.5,3.5,0.436,0,0.1,0.25,1.5,3.4,0.443,0.441,0.4,0.4,0.917,1.1,2.5,3.6,0.5,0.3,0.3,0.8,1.5,3.5,2012-2013,0
339,Paul Pierce*,SF,35,BOS,77,77,33.4,6.2,14.2,0.436,1.9,5,0.38,4.3,9.2,0.466,0.502,4.3,5.5,0.787,0.6,5.7,6.3,4.8,1.1,0.4,2.8,2.7,18.6,2012-2013,0
340,Mickaël Piétrus,SF,30,TOR,19,16,20.3,1.8,5.2,0.347,1.1,3.4,0.313,0.7,1.8,0.412,0.449,0.6,0.9,0.667,0.3,1.6,1.9,0.5,0.6,0.3,0.8,1.7,5.3,2012-2013,0
341,Dexter Pittman,C,24,TOT,11,0,2.9,0.4,1,0.364,0,0,,0.4,1,0.364,0.364,0,0.3,0,0.6,0.5,1.1,0,0,0,0.3,0.7,0.7,2012-2013,0
342,Miles Plumlee,C,24,IND,14,0,3.9,0.4,1.5,0.238,0,0,,0.4,1.5,0.238,0.238,0.2,0.3,0.75,0.9,0.7,1.6,0.1,0,0.2,0.2,0.4,0.9,2012-2013,0
343,Quincy Pondexter,SF,24,MEM,59,1,21.1,2.2,5.1,0.428,1,2.6,0.395,1.2,2.5,0.463,0.528,1,1.3,0.787,0.7,1.5,2.2,1,0.6,0.1,0.7,1.6,6.4,2012-2013,0
344,A.J. Price,PG,26,WAS,57,22,22.4,2.8,7.2,0.39,1.2,3.5,0.35,1.6,3.7,0.427,0.475,0.9,1.1,0.79,0.4,1.6,2,3.6,0.6,0.1,1.1,1.3,7.7,2012-2013,0
345,Ronnie Price,PG,29,POR,39,0,13.1,1,3.1,0.325,0.3,1,0.256,0.7,2.1,0.358,0.367,0.4,0.6,0.708,0.3,0.8,1.1,1.9,0.7,0.1,0.9,1.6,2.7,2012-2013,0
346,Pablo Prigioni,PG,35,NYK,78,18,16.2,1.3,2.8,0.455,0.7,1.7,0.396,0.6,1.1,0.547,0.575,0.3,0.3,0.88,0.5,1.3,1.8,3,0.9,0,1.1,1.6,3.5,2012-2013,0
347,Tayshaun Prince,SF,32,TOT,82,81,32.1,4.4,10,0.438,0.5,1.1,0.404,3.9,8.9,0.442,0.461,1.2,1.6,0.738,0.9,3.6,4.4,2.4,0.6,0.3,1.1,1,10.4,2012-2013,0
348,Joel Przybilla,C,33,MIL,12,1,5.7,0.1,0.3,0.25,0,0,,0.1,0.3,0.25,0.25,0,0.2,0,0.4,1.3,1.8,0.3,0.1,0.2,0.3,0.8,0.2,2012-2013,0
349,Chris Quinn,SG,29,CLE,7,0,11.1,0.6,2.3,0.25,0,0.7,0,0.6,1.6,0.364,0.25,0.3,0.3,1,0.1,0.1,0.3,1.3,0.4,0,0.9,0.6,1.4,2012-2013,0
350,Vladimir Radmanović,PF,32,CHI,25,0,5.8,0.5,1.7,0.302,0.2,1.1,0.185,0.3,0.6,0.5,0.36,0.1,0.1,0.667,0.4,0.7,1.1,0.3,0.3,0.2,0.3,1.2,1.3,2012-2013,0
351,Anthony Randolph,PF,23,DEN,39,0,8.4,1.4,2.9,0.491,0,0.2,0,1.4,2.7,0.528,0.491,0.8,1.2,0.689,0.7,1.7,2.4,0.3,0.5,0.5,0.9,1.1,3.7,2012-2013,0
352,Shavlik Randolph,PF,29,BOS,16,0,12.4,1.8,3,0.583,0,0,,1.8,3,0.583,0.583,0.7,1.7,0.407,1.8,2.6,4.4,0.3,0.5,0.4,0.6,2.4,4.2,2012-2013,0
353,Zach Randolph,PF,31,MEM,76,75,34.3,6.2,13.5,0.46,0,0.3,0.087,6.2,13.2,0.469,0.461,3,3.9,0.75,4.1,7.2,11.2,1.4,0.8,0.4,2,2.4,15.4,2012-2013,0
354,J.J. Redick,SG,28,TOT,78,13,30.5,4.9,11.3,0.434,2.1,5.8,0.366,2.8,5.5,0.506,0.528,2.2,2.4,0.9,0.2,2,2.2,3.8,0.5,0.1,1.8,1.5,14.1,2012-2013,0
355,Jason Richardson,SG,32,PHI,33,33,28.4,4.1,10.2,0.402,1.7,5.1,0.341,2.4,5.1,0.462,0.487,0.6,1,0.606,0.6,3.3,3.8,1.5,1.2,0.5,0.8,1.7,10.5,2012-2013,0
356,Quentin Richardson,SF,32,NYK,1,0,29,1,11,0.091,1,4,0.25,0,7,0,0.136,2,2,1,5,5,10,1,0,0,2,1,5,2012-2013,0
357,Luke Ridnour,SG,31,MIN,82,82,30.2,4.5,9.9,0.453,0.8,2.6,0.311,3.7,7.3,0.503,0.493,1.7,2,0.848,0.5,2,2.5,3.8,1,0.2,1.6,2.3,11.5,2012-2013,0
358,Austin Rivers,SG,20,NOH,61,26,23.2,2.4,6.4,0.372,0.5,1.4,0.326,1.9,5,0.385,0.408,1,1.8,0.546,0.3,1.5,1.8,2.1,0.4,0.1,1.2,2,6.2,2012-2013,0
359,Brian Roberts,PG,27,NOH,78,5,17,2.7,6.6,0.417,0.8,2,0.386,2,4.6,0.43,0.475,0.9,1,0.909,0.2,1,1.2,2.8,0.5,0,0.9,1.4,7.1,2012-2013,0
360,Nate Robinson,PG,28,CHI,82,23,25.4,4.9,11.2,0.433,1.7,4.2,0.405,3.1,7,0.45,0.51,1.6,2.1,0.799,0.4,1.9,2.2,4.4,1,0.1,1.8,2.5,13.1,2012-2013,0
361,Thomas Robinson,PF,21,TOT,70,0,15.1,2,4.6,0.43,0,0,0,2,4.6,0.431,0.43,0.8,1.6,0.523,1.7,2.8,4.5,0.7,0.6,0.4,1.3,1.8,4.8,2012-2013,0
362,Rajon Rondo,PG,26,BOS,38,38,37.4,5.9,12.2,0.484,0.3,1.3,0.24,5.6,10.9,0.513,0.497,1.6,2.4,0.645,1.1,4.4,5.6,11.1,1.8,0.2,3.9,2.5,13.7,2012-2013,0
363,Terrence Ross,SG,21,TOR,73,2,17,2.5,6.3,0.407,0.9,2.7,0.332,1.7,3.6,0.464,0.478,0.4,0.6,0.714,0.5,1.5,2,0.7,0.6,0.2,0.7,1.7,6.4,2012-2013,0
364,Brandon Roy,SG,28,MIN,5,5,24.4,2.2,7,0.314,0,1.8,0,2.2,5.2,0.423,0.314,1.4,2,0.7,0.6,2.2,2.8,4.6,0.6,0,1.4,1,5.8,2012-2013,0
365,Ricky Rubio,PG,22,MIN,57,47,29.7,3.2,9,0.36,0.5,1.6,0.293,2.8,7.4,0.374,0.386,3.7,4.6,0.799,0.8,3.2,4,7.3,2.4,0.1,3,2.5,10.7,2012-2013,0
366,Brandon Rush,SF,27,GSW,2,0,12.5,3,4.5,0.667,0,1,0,3,3.5,0.857,0.667,1,1.5,0.667,0,0.5,0.5,1,0,0,1.5,2.5,7,2012-2013,0
367,Robert Sacre,C,23,LAL,32,3,6.3,0.6,1.5,0.375,0,0,,0.6,1.5,0.375,0.375,0.2,0.3,0.636,0.3,0.8,1.1,0.2,0,0.3,0.3,1.2,1.3,2012-2013,0
368,John Salmons,SF,33,SAC,76,72,30,3.2,8.1,0.399,1.3,3.5,0.371,1.9,4.5,0.42,0.48,1.1,1.4,0.773,0.4,2.3,2.7,3,0.7,0.3,1.1,1.9,8.8,2012-2013,0
369,Samardo Samuels,C,24,CLE,18,1,10.9,1.2,3.3,0.367,0,0.1,0,1.2,3.3,0.373,0.367,0.8,1.3,0.583,0.6,1,1.6,0.4,0.2,0.2,0.3,1.7,3.2,2012-2013,0
370,Larry Sanders,C,24,MIL,71,55,27.3,4.3,8.5,0.506,0,0,0,4.3,8.5,0.507,0.506,1.2,1.9,0.618,3.2,6.3,9.5,1.2,0.7,2.8,1.2,3.3,9.8,2012-2013,0
371,Luis Scola,PF,32,PHO,82,67,26.6,5.3,11.2,0.472,0,0.2,0.188,5.2,11,0.477,0.474,2.2,2.8,0.787,1.9,4.7,6.6,2.2,0.8,0.4,1.5,3.1,12.8,2012-2013,0
372,Mike Scott,PF,24,ATL,40,1,9.4,1.8,3.7,0.476,0,0,0,1.8,3.7,0.479,0.476,1.1,1.4,0.768,1,1.8,2.8,0.3,0.1,0.1,0.5,0.8,4.6,2012-2013,0
373,Thabo Sefolosha,SG,28,OKC,81,81,27.5,2.8,5.8,0.481,1.3,3.2,0.419,1.4,2.6,0.558,0.597,0.7,0.9,0.826,0.7,3.2,3.9,1.5,1.3,0.5,0.8,2.2,7.6,2012-2013,0
374,Josh Selby,PG,21,MEM,10,0,5.9,0.6,2.2,0.273,0.1,0.6,0.167,0.5,1.6,0.313,0.295,0.7,1.1,0.636,0,0.5,0.5,0.4,0.2,0,0.7,0.7,2,2012-2013,0
375,Kevin Séraphin,C,23,WAS,79,8,21.8,4.2,9.1,0.461,0,0,,4.2,9.1,0.461,0.461,0.8,1.1,0.693,1.4,3,4.4,0.7,0.3,0.7,1.6,2.7,9.1,2012-2013,0
376,Ramon Sessions,SG,26,CHA,61,0,27.1,4.5,11.1,0.408,0.5,1.8,0.308,4,9.3,0.427,0.433,4.8,5.7,0.839,0.4,2.3,2.8,3.8,0.8,0.1,1.7,1.5,14.4,2012-2013,0
377,Tornike Shengelia,SF,21,BRK,19,0,4.9,0.5,1.2,0.435,0.1,0.1,0.5,0.5,1.1,0.429,0.457,0.5,0.8,0.563,0.5,0.7,1.2,0.2,0.2,0.1,0.6,0.6,1.6,2012-2013,0
378,Iman Shumpert,SG,22,NYK,45,45,22.1,2.4,6.1,0.396,1.1,2.8,0.402,1.3,3.3,0.392,0.489,0.8,1,0.766,0.7,2.3,3,1.7,1,0.2,0.8,2.2,6.8,2012-2013,0
379,Alexey Shved,SG,24,MIN,77,16,23.9,3.1,8.2,0.372,1.1,3.7,0.295,2,4.5,0.435,0.439,1.4,1.9,0.72,0.5,1.7,2.3,3.7,0.7,0.4,1.9,1.5,8.6,2012-2013,0
380,Henry Sims,C,22,NOH,2,0,2.5,1,1.5,0.667,0,0,,1,1.5,0.667,0.667,0,0,,1,0,1,0,0,0,0.5,0.5,2,2012-2013,0
381,Kyle Singler,SF,24,DET,82,74,28,3.4,7.8,0.428,0.9,2.4,0.35,2.5,5.4,0.464,0.483,1.2,1.5,0.806,1.3,2.7,4,0.9,0.7,0.5,1.2,2.6,8.8,2012-2013,0
382,Chris Singleton,PF,23,WAS,57,11,16.2,1.6,4.2,0.382,0.1,0.6,0.194,1.5,3.6,0.415,0.396,0.7,1.2,0.571,0.9,2.3,3.2,0.6,0.7,0.4,0.8,2.2,4.1,2012-2013,0
383,Donald Sloan,SG-PG,25,TOT,23,0,11.4,1.2,3.4,0.346,0.3,0.8,0.368,0.9,2.6,0.339,0.391,0.9,1.1,0.8,0.1,1.1,1.2,1.7,0.2,0,0.6,0.7,3.5,2012-2013,0
384,Greg Smith,C,22,HOU,70,10,15.9,2.4,3.9,0.62,0,0,0,2.4,3.9,0.623,0.62,1.2,1.9,0.623,1.6,3,4.6,0.4,0.3,0.6,0.6,2.5,6,2012-2013,0
385,Ish Smith,PG,24,TOT,52,3,9.9,1.1,3.1,0.352,0.2,0.5,0.296,0.9,2.5,0.364,0.377,0.1,0.1,0.429,0.2,0.9,1.2,1.7,0.4,0.2,0.7,0.5,2.4,2012-2013,0
386,J.R. Smith,SG,27,NYK,80,0,33.5,6.6,15.6,0.422,1.9,5.5,0.356,4.7,10.2,0.458,0.484,3,3.9,0.762,0.8,4.5,5.3,2.7,1.3,0.3,1.7,2.8,18.1,2012-2013,0
387,Jason Smith,C,26,NOH,51,0,17.2,3.3,6.7,0.49,0,0.1,0,3.3,6.6,0.496,0.49,1.7,2,0.843,1.3,2.4,3.6,0.7,0.3,0.9,1.1,2.4,8.2,2012-2013,0
388,Josh Smith,PF,27,ATL,76,76,35.3,7.2,15.6,0.465,0.8,2.6,0.303,6.4,12.9,0.498,0.491,2.2,4.2,0.517,1.8,6.7,8.4,4.2,1.2,1.8,3,2.3,17.5,2012-2013,0
389,Nolan Smith,PG,24,POR,40,0,7.2,1.1,2.9,0.368,0.2,0.7,0.214,0.9,2.2,0.419,0.395,0.5,0.7,0.714,0.2,0.5,0.7,0.9,0.2,0,0.7,0.7,2.8,2012-2013,0
390,Marreese Speights,C,25,TOT,79,3,16.5,3.3,7.4,0.445,0,0.1,0.3,3.3,7.3,0.448,0.448,1.7,2.2,0.771,1.8,3,4.9,0.6,0.3,0.7,1,2.2,8.3,2012-2013,0
391,Tiago Splitter,PF,28,SAS,81,58,24.7,3.9,7,0.56,0,0,0,3.9,6.9,0.561,0.56,2.6,3.5,0.73,1.8,4.6,6.4,1.6,0.8,0.8,1.2,2,10.3,2012-2013,0
392,Jerry Stackhouse,SF,38,BRK,37,0,14.7,1.8,4.6,0.384,0.8,2.4,0.337,1,2.2,0.434,0.471,0.5,0.6,0.87,0.1,0.8,0.9,0.9,0.2,0.1,0.6,0.8,4.9,2012-2013,0
393,Lance Stephenson,SG,22,IND,78,72,29.2,3.5,7.7,0.46,0.8,2.4,0.33,2.7,5.3,0.52,0.512,1,1.5,0.652,0.6,3.3,3.9,2.9,1,0.2,1.4,2.1,8.8,2012-2013,0
394,DeShawn Stevenson,SG,31,ATL,56,31,20.7,1.8,4.7,0.374,1.4,3.7,0.364,0.4,0.9,0.415,0.519,0.2,0.4,0.522,0.3,1.9,2.2,0.9,0.5,0.1,0.4,1.2,5.1,2012-2013,0
395,Greg Stiemsma,C,27,MIN,76,19,15.9,1.7,3.7,0.457,0,0,,1.7,3.7,0.457,0.457,0.7,0.9,0.768,0.8,2.6,3.4,0.4,0.6,1.2,0.8,2.4,4,2012-2013,0
396,Julyan Stone,PG,24,DEN,4,0,7,0.5,0.5,1,0,0,,0.5,0.5,1,1,0.8,1,0.75,0.5,0.3,0.8,0.5,0.3,0,0.5,1,1.8,2012-2013,0
397,Amar'e Stoudemire,PF,30,NYK,29,0,23.5,5.3,9.2,0.577,0,0,,5.3,9.2,0.577,0.577,3.6,4.5,0.808,2.1,2.9,5,0.4,0.3,0.7,1.7,3.1,14.2,2012-2013,0
398,Rodney Stuckey,SG,26,DET,76,24,28.6,4,9.8,0.406,0.7,2.4,0.302,3.3,7.4,0.44,0.443,2.8,3.6,0.783,0.6,2.2,2.8,3.6,0.7,0.2,1.8,1.7,11.5,2012-2013,0
399,Jared Sullinger,PF,20,BOS,45,5,19.8,2.5,5,0.493,0,0.1,0.2,2.4,4.9,0.5,0.496,1,1.4,0.746,2,3.8,5.9,0.8,0.5,0.5,0.6,3.4,6,2012-2013,0
400,DaJuan Summers,PF,25,LAC,2,0,3.5,0.5,2,0.25,0,0,,0.5,2,0.25,0.25,0,0,,0,1,1,0.5,0,0,0,0,1,2012-2013,0
401,Jeff Taylor,SF,23,CHA,77,29,19.6,2.2,5.2,0.431,0.7,2,0.344,1.5,3.2,0.486,0.497,1,1.3,0.728,0.7,1.3,1.9,0.8,0.6,0.2,0.6,1.8,6.1,2012-2013,0
402,Tyshawn Taylor,PG,22,BRK,38,0,5.8,0.8,2.3,0.368,0.2,0.3,0.462,0.7,1.9,0.351,0.402,0.4,0.7,0.556,0.1,0.4,0.5,0.6,0.3,0,0.7,0.7,2.2,2012-2013,0
403,Jeff Teague,PG,24,ATL,80,78,32.9,5.5,12.2,0.451,1.1,3.1,0.359,4.4,9.1,0.482,0.496,2.5,2.8,0.881,0.3,1.9,2.3,7.2,1.5,0.4,2.9,2.3,14.6,2012-2013,0
404,Marquis Teague,PG,19,CHI,48,0,8.2,0.9,2.4,0.381,0.1,0.5,0.174,0.8,1.9,0.433,0.398,0.2,0.3,0.563,0.1,0.9,0.9,1.3,0.2,0.1,0.7,1,2.1,2012-2013,0
405,Mirza Teletović,PF,27,BRK,53,0,9.4,1.3,3.5,0.384,0.7,2,0.343,0.6,1.5,0.442,0.484,0.2,0.2,0.818,0.6,1.2,1.8,0.4,0.2,0.2,0.4,1,3.5,2012-2013,0
406,Sebastian Telfair,PG,27,TOT,59,2,16.6,1.9,5.2,0.362,0.9,2.5,0.353,1,2.7,0.371,0.448,0.9,1.2,0.783,0.2,1.2,1.4,2.6,0.6,0.2,1.1,1.8,5.6,2012-2013,0
407,Garrett Temple,SG,26,WAS,51,36,22.7,2.1,5.1,0.407,0.5,1.6,0.325,1.5,3.5,0.444,0.457,0.5,0.7,0.703,0.6,1.8,2.4,2.3,1,0.3,1.2,1.8,5.1,2012-2013,0
408,Jason Terry,SG,35,BOS,79,24,26.9,3.6,8.2,0.434,1.6,4.2,0.372,2,4,0.498,0.529,1.4,1.7,0.87,0.2,1.8,2,2.5,0.8,0.1,1.3,1.4,10.1,2012-2013,0
409,Hasheem Thabeet,C,25,OKC,66,4,11.7,1,1.6,0.604,0,0,,1,1.6,0.604,0.604,0.5,0.8,0.604,1,1.9,3,0.2,0.5,0.9,0.6,2.2,2.4,2012-2013,0
410,Isaiah Thomas,PG,23,SAC,79,62,26.9,4.6,10.5,0.44,1.5,4.1,0.358,3.2,6.5,0.491,0.509,3.2,3.6,0.882,0.4,1.7,2,4,0.8,0,1.8,2.1,13.9,2012-2013,0
411,Kurt Thomas,PF,40,NYK,39,17,10.1,1.2,2.1,0.542,0,0,1,1.1,2.1,0.537,0.548,0.2,0.3,0.462,0.6,1.7,2.3,0.5,0.3,0.4,0.2,1.3,2.5,2012-2013,0
412,Lance Thomas,SF,24,NOH,59,9,10.9,0.9,1.8,0.5,0,0,,0.9,1.8,0.5,0.5,0.7,1,0.729,0.7,1.2,1.9,0.3,0.2,0.1,0.2,1.3,2.5,2012-2013,0
413,Malcolm Thomas,PF,24,TOT,12,0,4.8,0.4,0.8,0.5,0,0,,0.4,0.8,0.5,0.5,0.4,0.7,0.625,0.4,0.9,1.3,0.3,0.2,0.2,0.3,0.7,1.3,2012-2013,0
414,Tyrus Thomas,PF,26,CHA,26,2,13.8,1.8,5.2,0.353,0.1,0.3,0.375,1.7,4.9,0.352,0.364,1,1.2,0.839,0.6,1.7,2.3,0.7,0.5,0.6,0.7,2,4.8,2012-2013,0
415,Jason Thompson,PF,26,SAC,82,81,27.9,4.6,9.1,0.502,0,0,0,4.6,9,0.504,0.502,1.7,2.5,0.694,2.1,4.6,6.7,1,0.6,0.7,1.2,2.8,10.9,2012-2013,0
416,Klay Thompson,SG,22,GSW,82,82,35.8,6.2,14.7,0.422,2.6,6.4,0.401,3.6,8.3,0.437,0.509,1.6,1.9,0.841,0.4,3.3,3.7,2.2,1,0.5,1.9,2.9,16.6,2012-2013,0
417,Tristan Thompson,PF,21,CLE,82,82,31.3,4.8,9.7,0.488,0,0,0,4.8,9.7,0.49,0.488,2.2,3.5,0.608,3.7,5.7,9.4,1.3,0.7,0.9,1.5,2.9,11.7,2012-2013,0
418,Marcus Thornton,SG,25,SAC,72,8,24,4.6,10.8,0.429,2,5.3,0.372,2.7,5.5,0.484,0.52,1.5,1.8,0.881,0.7,1.8,2.5,1.3,0.8,0.1,0.9,1.5,12.7,2012-2013,0
419,Jamaal Tinsley,PG,34,UTA,66,32,18.5,1.3,3.5,0.368,0.6,1.9,0.307,0.7,1.6,0.439,0.451,0.3,0.4,0.692,0.3,1.5,1.7,4.4,1,0.2,1.6,1.6,3.5,2012-2013,0
420,Anthony Tolliver,SF,27,ATL,62,11,15.5,1.3,3.5,0.38,0.7,2.1,0.338,0.6,1.3,0.446,0.484,0.7,0.8,0.863,0.5,2,2.5,0.5,0.2,0.2,0.6,1.1,4.1,2012-2013,0
421,P.J. Tucker,SG,27,PHO,79,45,24.2,2.7,5.6,0.473,0.3,0.9,0.314,2.4,4.7,0.503,0.498,0.8,1.1,0.744,1.7,2.8,4.4,1.4,0.8,0.2,0.8,1.8,6.4,2012-2013,0
422,Ronny Turiaf,C,30,LAC,65,0,10.8,0.8,1.5,0.505,0,0,,0.8,1.5,0.505,0.505,0.4,1,0.365,0.7,1.6,2.3,0.5,0.3,0.5,0.4,1.2,1.9,2012-2013,0
423,Hedo Türkoğlu,SF,33,ORL,11,1,17.2,1.3,4.8,0.264,0.1,2.2,0.042,1.2,2.6,0.448,0.274,0.3,0.5,0.5,0.4,2,2.4,2.1,0.6,0.1,1.1,1,2.9,2012-2013,0
424,Evan Turner,SF,24,PHI,82,82,35.3,5.4,12.8,0.419,0.7,1.9,0.365,4.7,10.9,0.428,0.446,1.9,2.5,0.74,0.7,5.6,6.3,4.3,0.9,0.2,2.3,2.4,13.3,2012-2013,0
425,Jeremy Tyler,C,21,TOT,21,0,3.2,0.4,1.1,0.375,0,0,,0.4,1.1,0.375,0.375,0.2,0.3,0.667,0.3,0.7,1,0,0,0.1,0.3,0.5,1,2012-2013,0
426,Ekpe Udoh,C,25,MIL,76,9,17.3,1.5,3.5,0.435,0,0,0,1.5,3.5,0.437,0.435,1.2,1.6,0.748,1.5,1.8,3.3,0.6,0.5,1.1,0.6,1.8,4.3,2012-2013,0
427,Beno Udrih,SG-PG,30,TOT,66,9,22.1,3.2,7.2,0.441,0.5,1.5,0.333,2.7,5.7,0.471,0.477,1.3,1.6,0.816,0.5,1.6,2.1,4.6,0.6,0,1.6,1.4,8.2,2012-2013,0
428,Jonas Valančiūnas,C,20,TOR,62,57,23.9,3.3,5.9,0.557,0,0,,3.3,5.9,0.557,0.557,2.4,3,0.789,2,4,6,0.7,0.3,1.3,1.5,3,8.9,2012-2013,0
429,Anderson Varejão,C,30,CLE,25,25,36,5.5,11.6,0.478,0,0.2,0,5.5,11.4,0.486,0.478,3.1,4.1,0.755,5.5,8.9,14.4,3.4,1.5,0.6,1.8,2.7,14.1,2012-2013,0
430,Jarvis Varnado,PF,24,TOT,13,0,4.5,0.2,0.5,0.429,0,0,,0.2,0.5,0.429,0.429,0.2,0.3,0.5,0.2,0.5,0.7,0.2,0.1,0.2,0.5,0.8,0.6,2012-2013,0
431,Greivis Vásquez,PG,26,NOH,78,78,34.4,5.6,13,0.433,1.1,3.1,0.342,4.6,9.9,0.462,0.474,1.6,2,0.805,0.6,3.8,4.3,9,0.8,0.1,3.2,2.4,13.9,2012-2013,0
432,Jan Veselý,PF,22,WAS,51,4,11.8,1.1,2.2,0.5,0,0,0,1.1,2.2,0.504,0.5,0.2,0.8,0.308,0.8,1.5,2.4,0.5,0.3,0.3,0.5,2.1,2.5,2012-2013,0
433,Charlie Villanueva,PF,28,DET,69,0,15.8,2.5,6.7,0.377,1.3,3.8,0.347,1.2,3,0.415,0.474,0.4,0.7,0.551,0.7,2.8,3.5,0.8,0.4,0.6,0.6,1.4,6.8,2012-2013,0
434,Nikola Vučević,C,22,ORL,77,77,33.2,6,11.5,0.519,0,0,0,6,11.5,0.52,0.519,1.1,1.6,0.683,3.5,8.4,11.9,1.9,0.8,1,1.8,2.8,13.1,2012-2013,0
435,Dwyane Wade,SG,31,MIA,69,69,34.7,8.2,15.8,0.521,0.2,1,0.258,8,14.9,0.537,0.528,4.5,6.2,0.725,1.2,3.7,5,5.1,1.9,0.8,2.8,2,21.2,2012-2013,0
436,Dion Waiters,SG,21,CLE,61,48,28.8,5.5,13.4,0.412,1,3.3,0.31,4.5,10,0.446,0.451,2.6,3.5,0.746,0.4,2.1,2.4,3,1,0.3,2,1.9,14.7,2012-2013,0
437,Kemba Walker,PG,22,CHA,82,82,34.9,6.4,15.2,0.423,1.3,4,0.322,5.1,11.1,0.459,0.466,3.6,4.5,0.798,0.7,2.7,3.5,5.7,2,0.4,2.4,1.9,17.7,2012-2013,0
438,John Wall,PG,22,WAS,49,42,32.7,6.6,15,0.441,0.2,0.9,0.267,6.4,14.1,0.452,0.449,5,6.2,0.804,0.7,3.3,4,7.6,1.3,0.8,3.2,2.4,18.5,2012-2013,0
439,Gerald Wallace,SF,30,BRK,69,68,30.1,2.6,6.6,0.397,0.7,2.4,0.282,2,4.3,0.461,0.448,1.8,2.8,0.637,1,3.6,4.6,2.6,1.4,0.7,1.6,1.7,7.7,2012-2013,0
440,Rasheed Wallace,C,38,NYK,21,0,14.1,2.6,6.8,0.387,1,3.3,0.319,1.6,3.5,0.452,0.465,0.7,1,0.7,0.5,3.4,4,0.3,0.6,0.7,0.5,1.9,7,2012-2013,0
441,Luke Walton,PF,32,CLE,50,0,17.1,1.4,3.6,0.392,0.4,1.3,0.299,1,2.3,0.447,0.448,0.2,0.4,0.5,0.8,2.1,2.9,3.3,0.8,0.3,1.2,2,3.4,2012-2013,0
442,Hakim Warrick,PF,30,TOT,28,14,17.5,2.4,5.9,0.406,0,0.1,0,2.4,5.8,0.414,0.406,2.1,3.1,0.682,0.8,2.4,3.2,0.9,0.5,0.2,1,1.3,6.9,2012-2013,0
443,C.J. Watson,PG,28,BRK,80,8,19,2.4,5.7,0.418,1.1,2.7,0.411,1.3,3.1,0.424,0.514,0.9,1.1,0.78,0.5,1.3,1.8,2,0.8,0.2,0.9,1.5,6.8,2012-2013,0
444,Earl Watson,PG,33,UTA,48,4,17.3,0.8,2.5,0.308,0.1,0.6,0.179,0.7,1.9,0.348,0.329,0.4,0.5,0.68,0.5,1.3,1.8,4,0.8,0.2,1.4,2,2,2012-2013,0
445,Maalik Wayns,PG,21,TOT,27,1,7.5,1,3.3,0.295,0.3,1.1,0.226,0.7,2.1,0.333,0.335,0.6,0.7,0.895,0,0.2,0.3,1,0.2,0,0.6,1,2.8,2012-2013,0
446,Martell Webster,SF,26,WAS,76,62,28.9,3.7,8.4,0.442,1.8,4.3,0.422,1.9,4,0.463,0.551,2.2,2.6,0.848,0.7,3.2,3.9,1.9,0.6,0.2,1.2,2.2,11.4,2012-2013,0
447,David West,PF,32,IND,73,73,33.4,6.9,13.8,0.498,0.1,0.3,0.211,6.8,13.6,0.503,0.5,3.3,4.3,0.768,2,5.7,7.7,2.9,1,0.9,2.2,2,17.1,2012-2013,0
448,Russell Westbrook,PG,24,OKC,82,82,34.9,8.2,18.7,0.438,1.2,3.7,0.323,7,15.1,0.466,0.47,5.6,7,0.8,1.4,3.9,5.2,7.4,1.8,0.3,3.3,2.3,23.2,2012-2013,0
449,D.J. White,PF,26,BOS,12,0,7.2,1,1.9,0.522,0,0,,1,1.9,0.522,0.522,0.4,0.8,0.556,0.3,0.8,1.1,0.3,0.1,0.5,0.2,0.4,2.4,2012-2013,0
450,James White,SF,30,NYK,57,16,7.6,0.9,2,0.431,0.2,0.7,0.341,0.6,1.3,0.48,0.491,0.2,0.3,0.579,0.1,0.8,0.8,0.5,0.2,0.1,0.3,0.8,2.2,2012-2013,0
451,Chris Wilcox,C,30,BOS,61,7,13.6,1.8,2.5,0.719,0,0,0,1.8,2.5,0.724,0.719,0.6,1,0.672,0.9,2,3,0.4,0.5,0.5,0.6,2,4.2,2012-2013,0
452,Damien Wilkins,SG,33,PHI,61,21,18,2.4,5.2,0.459,0.3,0.8,0.333,2.1,4.3,0.483,0.486,1.3,1.8,0.743,0.5,1.2,1.7,1.5,0.6,0.3,0.8,1.6,6.4,2012-2013,0
453,Deron Williams,PG,28,BRK,78,78,36.4,6.3,14.4,0.44,2.2,5.7,0.378,4.2,8.7,0.482,0.516,4.1,4.7,0.859,0.4,2.6,3,7.7,1,0.4,2.8,2.5,18.9,2012-2013,0
454,Derrick Williams,PF,21,MIN,78,56,24.6,4.3,10.1,0.43,0.8,2.5,0.332,3.5,7.6,0.463,0.471,2.5,3.5,0.706,1.2,4.3,5.5,0.6,0.6,0.5,1.3,1.6,12,2012-2013,0
455,Lou Williams,SG,26,ATL,39,9,28.7,4.8,11.4,0.422,1.8,5,0.367,2.9,6.3,0.466,0.503,2.7,3.1,0.868,0.2,1.8,2.1,3.6,1.1,0.3,1.9,1.4,14.1,2012-2013,0
456,Marvin Williams,SF,26,UTA,73,51,23.7,2.7,6.4,0.423,0.7,2.3,0.325,2,4.2,0.477,0.481,1.1,1.4,0.778,0.8,2.8,3.6,1.1,0.5,0.5,0.8,1.3,7.2,2012-2013,0
457,Mo Williams,PG,30,UTA,46,46,30.8,5,11.6,0.43,1.3,3.3,0.383,3.7,8.2,0.449,0.485,1.6,1.8,0.882,0.5,1.9,2.4,6.2,1,0.2,2.7,2.3,12.9,2012-2013,0
458,Reggie Williams,SF,26,CHA,40,0,9.5,1.4,3.3,0.432,0.6,1.8,0.306,0.9,1.5,0.583,0.515,0.3,0.5,0.476,0.2,1.1,1.3,1,0.3,0,0.5,0.5,3.7,2012-2013,0
459,Terrence Williams,SF,25,BOS,24,0,13.3,2,4,0.495,0.2,0.6,0.333,1.8,3.4,0.524,0.521,0.4,0.9,0.429,0.2,1.7,1.8,1.6,0.5,0.1,0.9,0.5,4.6,2012-2013,0
460,Metta World Peace,SF,33,LAL,75,66,33.7,4.4,11,0.403,1.9,5.5,0.342,2.5,5.5,0.464,0.488,1.7,2.3,0.734,1.3,3.6,5,1.5,1.6,0.6,1.3,2.6,12.4,2012-2013,0
461,Brandan Wright,C,25,DAL,64,16,18,3.8,6.3,0.597,0,0,0,3.8,6.3,0.601,0.597,0.9,1.5,0.615,1.3,2.7,4.1,0.6,0.4,1.2,0.5,1.2,8.5,2012-2013,0
462,Chris Wright,SG,23,DAL,3,0,1.3,0.3,0.7,0.5,0,0,,0.3,0.7,0.5,0.5,0,0,,0,0,0,0,0,0,0.3,0,0.7,2012-2013,0
463,Dorell Wright,SF,27,PHI,79,8,22.6,3,7.6,0.396,1.7,4.6,0.374,1.3,3,0.429,0.508,1.5,1.8,0.851,0.5,3.3,3.8,1.9,0.8,0.4,0.8,1.2,9.2,2012-2013,0
464,Tony Wroten,SG,19,MEM,35,0,7.8,0.9,2.5,0.384,0.1,0.5,0.25,0.8,2,0.414,0.407,0.6,0.8,0.724,0.4,0.4,0.8,1.2,0.2,0.1,0.8,1,2.6,2012-2013,0
465,Nick Young,SG,27,PHI,59,17,23.9,3.8,9.2,0.413,1.3,3.6,0.357,2.5,5.6,0.449,0.482,1.8,2.2,0.82,0.4,1.8,2.2,1.4,0.6,0.2,0.8,1.4,10.6,2012-2013,0
466,Sam Young,SG,27,IND,56,3,12.4,1,2.6,0.392,0.3,0.9,0.308,0.8,1.7,0.438,0.446,0.4,0.8,0.535,0.5,1.7,2.2,0.8,0.3,0.1,0.6,1.1,2.8,2012-2013,0
467,Thaddeus Young,PF,24,PHI,76,76,34.6,6.7,12.6,0.531,0,0.1,0.125,6.7,12.5,0.535,0.532,1.4,2.5,0.574,2.4,5.1,7.5,1.6,1.8,0.7,1.2,2.5,14.8,2012-2013,0
468,Luke Zeller,C,25,PHO,16,0,3.6,0.6,1.6,0.346,0.1,0.3,0.2,0.5,1.3,0.381,0.365,0,0,,0.1,0.6,0.6,0.2,0,0,0,0.3,1.2,2012-2013,0
469,Tyler Zeller,C,23,CLE,77,55,26.4,3.2,7.3,0.438,0,0.1,0,3.2,7.2,0.441,0.438,1.6,2,0.764,2.1,3.6,5.7,1.2,0.5,0.9,1.2,3.3,7.9,2012-2013,0